iteration,MSE_trg,MSE_val,MSE_tst,acc_trg,acc_val,acc_tst,f1_trg,f1_val,f1_tst,elapsed
0,1.07E-01,0.1063323067,0.1076829634,0.6821154393,0.6958499147,0.6689404275,0.8101545254,0.8199259509,0.8010928962,0.024176
10,1.03E-01,0.1030173598,0.1042201618,0.7357122548,0.7464468448,0.7198726694,0.8471091373,0.8544386423,0.8366914104,0.17494515
20,1.02E-01,0.1015650355,0.1028396627,0.7378447541,0.74587834,0.7194179172,0.8484798685,0.8541598695,0.836122178,0.291761496
30,9.77E-02,0.09790629636,0.09864207564,0.7968439011,0.7993177942,0.7844474761,0.8794804757,0.8816627556,0.8712656165,0.388879323
40,9.65E-02,0.09678807895,0.09740762783,0.8056582314,0.8106878908,0.7976352888,0.8855204757,0.8894055131,0.880472737,0.48650426
50,9.06E-02,0.09069389441,0.0905265348,0.8475973841,0.8555997726,0.8449295134,0.9096273816,0.9143049933,0.9075630252,0.582079865
60,8.40E-02,0.0839869201,0.08417514762,0.9038953654,0.9033541785,0.9095043201,0.9464596864,0.9462025316,0.9496330043,0.698680626
70,7.98E-02,0.07975373361,0.07984664512,0.9067386978,0.9073337123,0.9104138245,0.9481176843,0.9485317335,0.9502148092,0.789342023
80,7.43E-02,0.07455741297,0.07426998093,0.9175433608,0.9164297897,0.9217826285,0.9543809973,0.9538171536,0.9567839196,0.902510042
90,7.19E-02,0.07217485907,0.07191621948,0.9215240262,0.9175667993,0.9249658936,0.9566514842,0.9544740973,0.9585739392,1.07977342
100,7.26E-02,0.07262111373,0.07235758068,0.9286323571,0.9204093235,0.9258753979,0.9605717876,0.9559748428,0.9590143324,1.232830506
110,7.02E-02,0.07057989037,0.07022966822,0.9178276941,0.9141557703,0.9172351069,0.9548790008,0.9529154974,0.9545454545,1.36416621
120,6.56E-02,0.06609985727,0.06563498063,0.9344611885,0.932347925,0.9381537062,0.9639308348,0.962730974,0.965880582,1.463215378
130,6.21E-02,0.0624818205,0.06205907931,0.936878021,0.9334849346,0.9358799454,0.9652037618,0.9633573442,0.9645104455,1.580040479
140,6.03E-02,0.06026383065,0.06015106984,0.9448393517,0.9425810119,0.9417917235,0.9697583788,0.9685456244,0.968015992,1.710104329
150,6.03E-02,0.06027338473,0.06017474598,0.9456923514,0.9420125071,0.9440654843,0.9702816244,0.9682440847,0.9693648817,1.964436308
160,6.02E-02,0.06018816713,0.06012802124,0.9456923514,0.9431495168,0.9449749886,0.9702213907,0.968847352,0.9697272955,2.061083
170,5.80E-02,0.05811558578,0.05766590038,0.9550753483,0.9465605458,0.9531605275,0.9752545027,0.9706433479,0.9741789922,2.164517869
180,5.47E-02,0.05470721919,0.05454863596,0.952942849,0.9465605458,0.9563437926,0.9742312184,0.9707347447,0.976023976,2.255292184
190,5.46E-02,0.05458434677,0.05440729517,0.9528006824,0.9465605458,0.9558890405,0.9741714641,0.9707711443,0.9757802747,2.355653178
200,5.34E-02,0.05332629489,0.05327638841,0.9464031845,0.9425810119,0.951796271,0.970763862,0.9686821705,0.9736449528,2.461101868
210,5.15E-02,0.05106545846,0.05128702319,0.9569235144,0.9550881182,0.9613460664,0.9763225756,0.9753047827,0.9787020797,2.561640884
220,5.09E-02,0.05039926831,0.05083833595,0.9599090134,0.9573621376,0.9599818099,0.977920451,0.9765111181,0.9778894472,2.775598062
230,3.63E-02,0.03623559748,0.03615805874,0.9292010236,0.9226833428,0.9281491587,0.9619905358,0.9586374696,0.9614446071,2.872816698
240,3.54E-02,0.03540697412,0.03512543117,0.9344611885,0.9283683911,0.9340609368,0.9646986752,0.961561928,0.964504284,3.007232166
250,3.40E-02,0.03406341931,0.03381105027,0.9370201877,0.9329164298,0.9395179627,0.9660302124,0.9639143731,0.9673459367,3.10932129
260,3.37E-02,0.03367696902,0.03348815648,0.9429911857,0.9363274588,0.9436107322,0.9691514732,0.9656862745,0.969488189,3.213996595
270,3.29E-02,0.03297701641,0.03266584116,0.9473983509,0.9408754974,0.9490677581,0.9714726291,0.9680589681,0.9723593287,3.309657
280,3.23E-02,0.03236346562,0.03204701234,0.94995735,0.9459920409,0.951796271,0.9728227301,0.9707241911,0.9738012852,3.412105834
290,3.23E-02,0.03242187679,0.03206098644,0.9488200171,0.9437180216,0.9504320146,0.9722222222,0.9695478314,0.9730797728,3.530994629
300,3.12E-02,0.03131942014,0.03079895245,0.951094683,0.9482660603,0.9549795362,0.9734239802,0.9719222462,0.9754889824,3.655823256
310,2.82E-02,0.02857191095,0.02781040368,0.9580608473,0.9545196134,0.9613460664,0.9771158172,0.9752321981,0.9788819876,3.771264565
320,2.72E-02,0.02761323422,0.02667228862,0.9562126813,0.9522455941,0.9599818099,0.9761351309,0.974025974,0.9781529295,3.875643276
330,2.68E-02,0.02715567394,0.02633343817,0.9582030139,0.9539511086,0.9618008186,0.9771916214,0.9749303621,0.9791252485,4.008565773
340,2.63E-02,0.02662664403,0.02574611466,0.9555018482,0.9545196134,0.9590723056,0.9757571063,0.9752321981,0.9776674938,4.182038119
350,2.56E-02,0.02576935089,0.02513407839,0.9627523457,0.9602046617,0.965893588,0.9796235807,0.9782608696,0.9813200498,4.288080967
360,2.54E-02,0.0256595238,0.02500429737,0.9623258459,0.9596361569,0.965893588,0.9793950704,0.9779571562,0.9813200498,4.387453419
370,2.36E-02,0.02385602621,0.02305870306,0.9721353426,0.9698692439,0.9749886312,0.9846611363,0.9834115806,0.9862258953,4.529298332
380,2.42E-02,0.02446769497,0.02373175518,0.973130509,0.9715747584,0.9740791269,0.9851869269,0.9843063402,0.985689179,4.661537702
390,2.28E-02,0.02286269367,0.02241708417,0.9744100085,0.9727117681,0.9763528877,0.9858845671,0.9849056604,0.9869412356,4.764510217
400,2.20E-02,0.02211476892,0.02154981039,0.9739835087,0.9715747584,0.9763528877,0.9856594311,0.9842866122,0.9869477912,4.860509768
410,2.16E-02,0.02145308676,0.02111099186,0.9768268411,0.9744172825,0.9768076398,0.9871966067,0.985817838,0.9871827092,5.104038458
420,2.12E-02,0.02103077818,0.02063116369,0.9775376742,0.9749857874,0.9781718963,0.9875981162,0.9861460957,0.9879457559,5.383682444
430,2.10E-02,0.0208782553,0.02051368981,0.9766846744,0.9732802729,0.9777171442,0.9871109714,0.9851875197,0.9876791551,5.486059757
440,2.06E-02,0.02033767471,0.02011243289,0.9771111743,0.9738487777,0.9768076398,0.9873636292,0.9855072464,0.9871955812,5.58807509
450,2.01E-02,0.01998395686,0.01971159382,0.9756895081,0.9738487777,0.9749886312,0.9865386129,0.985479798,0.9861356189,5.717604249
460,1.88E-02,0.01866190121,0.01836618122,0.9768268411,0.9749857874,0.9777171442,0.987202638,0.9861460957,0.9876915348,5.829159502
470,2.06E-02,0.02053042018,0.02015976292,0.9718510094,0.9715747584,0.9690768531,0.9843230404,0.9841168996,0.9827411168,5.937764089
480,1.80E-02,0.01782264947,0.0176440654,0.9782485073,0.9744172825,0.9790814006,0.987982091,0.985817838,0.9884364002,6.032000708
490,1.76E-02,0.01742752383,0.01716070297,0.9778220074,0.9766913019,0.9786266485,0.987755102,0.9870947435,0.9881939211,6.26058982
500,1.65E-02,0.01625854532,0.01602240167,0.9781063406,0.9755542922,0.9795361528,0.9878949851,0.9864481563,0.9886792453,6.352692166
510,1.63E-02,0.01603064838,0.01580501648,0.9783906739,0.9772598067,0.9804456571,0.9880484353,0.9873817035,0.9891714933,6.458085618
520,1.59E-02,0.01565491628,0.01533626282,0.9786750071,0.9766913019,0.9804456571,0.9882075472,0.9870703248,0.9891769444,6.620824945
530,1.60E-02,0.01575892366,0.01540478486,0.9762581746,0.9766913019,0.9763528877,0.9868265362,0.987012987,0.9868620515,6.715077046
540,1.58E-02,0.01557967002,0.01523476899,0.9778220074,0.9766913019,0.9804456571,0.9877281309,0.9870703248,0.9891714933,6.806953057
550,1.48E-02,0.01455675984,0.01411734764,0.9795280068,0.9789653212,0.9836289222,0.9886792453,0.9883391113,0.9909411173,6.899092197
560,1.46E-02,0.01440098095,0.01395023203,0.9795280068,0.9801023309,0.9809004093,0.9886756842,0.988976378,0.9894206549,7.081710643
570,1.42E-02,0.01406255243,0.01355230791,0.9800966733,0.979533826,0.9813551614,0.9889919799,0.988657845,0.9896751448,7.190865709
580,1.37E-02,0.01356938254,0.01295933159,0.9805231732,0.9812393405,0.9845384266,0.989227019,0.9896062992,0.9914400806,7.284079607
590,1.37E-02,0.01355361928,0.0130004004,0.9798123401,0.9778283115,0.9822646658,0.9888047934,0.987654321,0.9901589705,7.400484641
600,1.33E-02,0.01304838869,0.01262107785,0.9825135058,0.982944855,0.9840836744,0.9903126723,0.9905243209,0.991177212,7.557279612
610,1.27E-02,0.01245291413,0.01207105445,0.9830821723,0.9840818647,0.9849931787,0.990630659,0.9911560328,0.9916855631,7.83782279
620,1.26E-02,0.01232949255,0.01195705427,0.9835086722,0.9846503695,0.9849931787,0.9908661417,0.9914799621,0.9916855631,8.1480401
630,1.24E-02,0.01210112084,0.01182918278,0.9833665055,0.9846503695,0.9845384266,0.9907837731,0.9914745816,0.9914314516,8.269369482
640,1.07E-02,0.0100373773,0.009885588179,0.9802388399,0.982944855,0.9836289222,0.9890834839,0.9905660377,0.990945674,8.462172123
650,1.09E-02,0.01030361711,0.01007793531,0.9795280068,0.9806708357,0.9831741701,0.9886987914,0.989321608,0.9906965049,8.574001588
660,1.06E-02,0.009952394352,0.009669111451,0.9816605061,0.9835133599,0.9849931787,0.9898608819,0.9908718917,0.9916939341,8.774672192
670,9.55E-03,0.008677105464,0.008756305308,0.9833665055,0.9846503695,0.9845384266,0.9907852249,0.9914799621,0.9914357683,8.875296122
680,9.31E-03,0.008413500985,0.008475375101,0.983935172,0.9846503695,0.9849931787,0.9911002599,0.9914799621,0.9916897507,8.96719661
690,9.28E-03,0.00840503414,0.008471404207,0.9833665055,0.986355884,0.9845384266,0.9907881269,0.9924337957,0.9914400806,9.073847547
700,8.63E-03,0.007679638962,0.007731290563,0.9833665055,0.986355884,0.9849931787,0.9907837731,0.9924337957,0.9916855631,9.239827284
710,8.44E-03,0.007460804746,0.007576680707,0.9835086722,0.9880613985,0.9849931787,0.9908589441,0.9933733039,0.9916813713,9.345535683
720,7.99E-03,0.00697464882,0.007028333999,0.9837930054,0.9903354179,0.985902683,0.9910137159,0.994628752,0.9921776432,9.448947279
730,7.97E-03,0.006968623208,0.007043819507,0.9837930054,0.989766913,0.9863574352,0.991012299,0.9943109987,0.9924280666,9.543616068
740,7.44E-03,0.006415879078,0.006665595232,0.9853568382,0.989766913,0.9868121874,0.9918801734,0.9943109987,0.9926823114,9.63495893
750,7.46E-03,0.006449063728,0.006693845995,0.9852146716,0.989766913,0.9868121874,0.9918006938,0.9943109987,0.9926823114,9.755468085
760,7.40E-03,0.00637193663,0.006619950136,0.985072505,0.989766913,0.9868121874,0.9917238118,0.9943109987,0.9926823114,9.975759011
770,7.36E-03,0.006409849628,0.00651092129,0.9849303384,0.9880613985,0.9868121874,0.9916469661,0.993369119,0.9926823114,10.07198543
780,7.23E-03,0.006316185678,0.006410712964,0.9852146716,0.9891984082,0.9868121874,0.9917968134,0.9939930446,0.9926786165,10.16566362
790,7.07E-03,0.006164139,0.006276793866,0.9854990048,0.989766913,0.9868121874,0.9919520278,0.9943074004,0.9926786165,10.26675424
800,7.02E-03,0.006089938022,0.006176946554,0.9857833381,0.9891984082,0.9872669395,0.9921123206,0.9939930446,0.9929328622,10.42704281
810,6.99E-03,0.006068621306,0.006155152038,0.9857833381,0.9891984082,0.9872669395,0.9921123206,0.9939930446,0.9929328622,10.54750451
820,6.98E-03,0.006057685944,0.006139840876,0.9857833381,0.9891984082,0.9872669395,0.9921123206,0.9939930446,0.9929328622,10.63873528
830,6.80E-03,0.005859996604,0.006005947957,0.9863520045,0.989766913,0.9863574352,0.9924230466,0.9943074004,0.9924242424,10.7610249
840,6.71E-03,0.005764714679,0.005917241869,0.9862098379,0.989766913,0.9863574352,0.9923447242,0.9943074004,0.9924242424,10.86977393
850,6.75E-03,0.005799616924,0.005935526683,0.9862098379,0.989766913,0.9863574352,0.9923447242,0.9943074004,0.9924242424,10.96323026
860,6.72E-03,0.005773371149,0.00592522175,0.9862098379,0.989766913,0.9863574352,0.9923447242,0.9943074004,0.9924242424,11.05198611
870,6.74E-03,0.005797922996,0.005842730303,0.9864941712,0.9903354179,0.9872669395,0.9924966432,0.9946219551,0.9929257201,11.14518633
880,6.54E-03,0.005586391374,0.005586570307,0.9862098379,0.9914724275,0.9881764438,0.9923410975,0.9952576668,0.9934310258,11.24954556
890,6.56E-03,0.005585501473,0.005584816287,0.9867785044,0.9914724275,0.988631196,0.992659247,0.9952576668,0.9936852741,11.34197168
900,6.44E-03,0.005442961692,0.005493870051,0.9866363378,0.9914724275,0.9881764438,0.9925797285,0.9952576668,0.9934310258,11.43266355
910,6.42E-03,0.005442485575,0.005469541668,0.9866363378,0.9914724275,0.988631196,0.9925797285,0.9952576668,0.9936852741,11.52703604
920,6.44E-03,0.005455976589,0.005487108077,0.9863520045,0.9914724275,0.9881764438,0.9924206537,0.9952576668,0.9934310258,11.61693329
930,6.36E-03,0.005369305332,0.005398922145,0.9866363378,0.9909039227,0.9881764438,0.9925797285,0.9949399114,0.9934310258,11.71290899
940,6.28E-03,0.005337637262,0.005302758431,0.9870628376,0.9909039227,0.9890859482,0.9928193798,0.99494311,0.9939393939,11.90203214
950,6.17E-03,0.005236155336,0.005224246311,0.9873471709,0.9909039227,0.9890859482,0.9929760871,0.99494311,0.9939393939,11.99426096
960,6.20E-03,0.005319967769,0.00530178566,0.9873471709,0.9903354179,0.9895407003,0.9929727596,0.9946253557,0.9941904521,12.08507932
970,6.63E-03,0.005658699736,0.005624633778,0.9857833381,0.9869243889,0.9868121874,0.9920848504,0.99270536,0.9926489227,12.20956132
980,6.09E-03,0.005133157262,0.005255067779,0.9872050043,0.9909039227,0.988631196,0.9929010885,0.99494311,0.9936884625,12.37338274
990,5.99E-03,0.004999182418,0.005229254554,0.9873471709,0.9909039227,0.9881764438,0.9929794115,0.99494311,0.9934343434,12.50547388
1000,5.92E-03,0.004980925767,0.005208143173,0.9876315041,0.9903354179,0.988631196,0.9931339279,0.9946219551,0.9936788875,12.6109743
1010,6.30E-03,0.005419089882,0.005620156513,0.9867785044,0.9891984082,0.9881764438,0.9926464774,0.9939854384,0.9934210526,12.70877637
1020,5.85E-03,0.004875786931,0.004976885065,0.9882001706,0.9914724275,0.9895407003,0.9934423639,0.9952576668,0.9941816342,12.81792929
1030,5.85E-03,0.00486738743,0.00499348608,0.9882001706,0.9914724275,0.9895407003,0.9934434,0.9952576668,0.9941816342,12.95321241
1040,5.76E-03,0.004767446792,0.004824798792,0.9884845038,0.9914724275,0.9899954525,0.9936013903,0.9952576668,0.9944360142,13.0906727
1050,5.77E-03,0.004878314823,0.004707271172,0.9884845038,0.9903354179,0.9899954525,0.9936024011,0.9946253557,0.9944360142,13.21827017
1060,5.48E-03,0.004510988652,0.004518998085,0.9889110037,0.9920409323,0.9899954525,0.9938398357,0.9955724225,0.9944360142,13.32394795
1070,5.39E-03,0.004380587999,0.004538816464,0.9889110037,0.9914724275,0.9899954525,0.9938417811,0.9952576668,0.9944388271,13.46507506
1080,5.45E-03,0.004198299363,0.004481841482,0.9886266705,0.9909039227,0.9895407003,0.9936868687,0.99494311,0.9941875158,13.71065804
1090,5.27E-03,0.004315386285,0.004417132934,0.9889110037,0.9914724275,0.9899954525,0.9938427534,0.9952576668,0.9944360142,13.80038446
1100,5.28E-03,0.004372289324,0.004402116956,0.9887688371,0.9920409323,0.9904502046,0.9937623372,0.9955724225,0.9946875791,13.89165043
1110,5.33E-03,0.00442799268,0.004501661645,0.9886266705,0.9903354179,0.9895407003,0.9936808847,0.9946219551,0.9941816342,13.98162788
1120,5.12E-03,0.004233894803,0.004314797139,0.9889110037,0.9914724275,0.9904502046,0.9938408086,0.9952576668,0.9946875791,14.07737082
1130,5.11E-03,0.004193787404,0.004344886639,0.9889110037,0.9914724275,0.9899954525,0.9938417811,0.9952576668,0.9944360142,14.17414491
1140,5.10E-03,0.004050206419,0.004431565712,0.9887688371,0.9914724275,0.9890859482,0.9937623372,0.9952576668,0.9939332659,14.2657972
1150,4.99E-03,0.004065079932,0.004349088753,0.9890531703,0.9914724275,0.9899954525,0.9939202527,0.9952576668,0.9944360142,14.44519556
1160,4.96E-03,0.003972963169,0.004219187802,0.9893375036,0.9920409323,0.9909049568,0.9940753614,0.9955724225,0.9949367089,14.54793964
1170,4.87E-03,0.003888933035,0.004124102935,0.9893375036,0.9920409323,0.9909049568,0.9940744252,0.9955724225,0.9949367089,14.64410804
1180,4.75E-03,0.003868165518,0.003974145504,0.9894796702,0.9914724275,0.991359709,0.9941548183,0.9952546662,0.9951886554,14.89088113
1190,4.71E-03,0.003843933491,0.003903117319,0.9894796702,0.9914724275,0.9922692133,0.9941548183,0.9952546662,0.9956972918,15.01102137
1200,4.70E-03,0.003852130895,0.00392339596,0.9894796702,0.9914724275,0.9918144611,0.9941548183,0.9952546662,0.995443038,15.12020011
1210,4.64E-03,0.003764960606,0.00385466457,0.9896218368,0.9920409323,0.9922692133,0.9942342627,0.9955724225,0.9956972918,15.22043498
1220,4.63E-03,0.003867019701,0.003901028271,0.9896218368,0.9920409323,0.9918144611,0.9942342627,0.9955724225,0.995443038,15.37656304
1230,4.47E-03,0.003811057082,0.003644029562,0.9901905033,0.9926094372,0.9922692133,0.9945476096,0.9958847737,0.9956972918,15.48095606
1240,4.57E-03,0.00387085403,0.003805569157,0.9897640034,0.9920409323,0.9918144611,0.9943127962,0.9955696203,0.9954453441,15.59176915
1250,4.38E-03,0.003867310587,0.003534314878,0.9907591697,0.993177942,0.9940882219,0.9948628784,0.9962001267,0.9967063593,15.72517099
1260,4.36E-03,0.003841521615,0.003520850986,0.9906170031,0.993177942,0.9940882219,0.9947842579,0.9962001267,0.9967063593,15.83443899
1270,4.47E-03,0.003952429371,0.003666829809,0.9906170031,0.993177942,0.9927239654,0.9947842579,0.9962001267,0.9959493671,15.93533685
1280,4.30E-03,0.003821061187,0.003476947727,0.9906170031,0.993177942,0.9931787176,0.9947817837,0.9962001267,0.9961977186,16.06021666
1290,4.57E-03,0.00389236926,0.003662089504,0.9900483367,0.9926094372,0.9927239654,0.9944681524,0.9958847737,0.9959473151,16.25734299
1300,4.12E-03,0.00361525026,0.003376167388,0.9913278362,0.993177942,0.9936334698,0.9951782468,0.9962001267,0.9964521034,16.36902437
1310,4.16E-03,0.003602937745,0.00338853424,0.991043503,0.993177942,0.9936334698,0.9950193691,0.9962001267,0.9964521034,16.46148091
1320,4.03E-03,0.003529819988,0.003228248397,0.9913278362,0.993177942,0.9940882219,0.9951805325,0.9962001267,0.9967080273,16.66497025
1330,3.95E-03,0.003427155719,0.003118987933,0.9911856696,0.9926094372,0.9940882219,0.9951011378,0.9958847737,0.9967080273,16.76507148
1340,3.85E-03,0.003470869817,0.003154041911,0.9918965027,0.9937464468,0.9945429741,0.9954937149,0.9965178854,0.9969604863,16.86422915
1350,3.71E-03,0.003395607415,0.003016591433,0.9921808359,0.9937464468,0.9940882219,0.9956525176,0.9965156794,0.9967080273,16.96126205
1360,3.81E-03,0.003166529171,0.002856947596,0.9914700028,0.993177942,0.9940882219,0.9952606635,0.9962025316,0.9967096937,17.06187647
1370,3.56E-03,0.003285800585,0.00286919678,0.9924651692,0.9937464468,0.9936334698,0.9958106079,0.9965156794,0.9964539007,17.24877358
1380,3.59E-03,0.003312865611,0.00290242959,0.9926073358,0.993177942,0.9936334698,0.9958893281,0.9962001267,0.9964539007,17.38019799
1390,3.46E-03,0.003202246097,0.002777455501,0.9923230026,0.9937464468,0.9940882219,0.9957312253,0.9965156794,0.9967080273,17.59338955
1400,3.41E-03,0.003127452807,0.00274962264,0.9924651692,0.9937464468,0.9940882219,0.9958092828,0.9965156794,0.9967080273,17.74855788
1410,3.38E-03,0.003118140573,0.002732197385,0.9926073358,0.993177942,0.9940882219,0.9958880278,0.9961977186,0.9967080273,17.87177576
1420,3.33E-03,0.003093906609,0.002680994753,0.9931760023,0.9926094372,0.9945429741,0.9962031324,0.9958795563,0.9969604863,18.19406321
1430,3.48E-03,0.003216488344,0.00284324508,0.9920386693,0.993177942,0.9936334698,0.9955745219,0.9962001267,0.9964556962,18.32761247
1440,3.17E-03,0.003188340995,0.002541068383,0.9938868354,0.993177942,0.9945429741,0.9965978321,0.9962001267,0.9969589458,18.45770084
1450,3.02E-03,0.00307362762,0.002401319115,0.9938868354,0.993177942,0.9945429741,0.996596755,0.9961977186,0.9969604863,18.57057811
1460,4.57E-03,0.004606917299,0.004243098254,0.9896218368,0.9886299034,0.9881764438,0.9942397222,0.9936828806,0.9934409687,18.73975614
1470,2.88E-03,0.002937431769,0.002258114878,0.9938868354,0.993177942,0.9949977262,0.9965972937,0.9961977186,0.9972144847,18.89272293
1480,2.83E-03,0.002877229788,0.002204469376,0.9941711686,0.993177942,0.9949977262,0.9967560725,0.9962001267,0.9972144847,19.00068811
1490,2.77E-03,0.002770861408,0.002168846411,0.9941711686,0.9937464468,0.9949977262,0.9967550455,0.9965156794,0.9972144847,19.20678602
1500,2.76E-03,0.002778058046,0.002155194079,0.9938868354,0.9937464468,0.9949977262,0.9965972937,0.9965156794,0.9972144847,19.31870537
1510,2.74E-03,0.002759048214,0.002139648816,0.994029002,0.9937464468,0.9949977262,0.9966761633,0.9965156794,0.9972144847,19.42538988
1520,2.66E-03,0.00267099782,0.00207874438,0.9944555018,0.9937464468,0.9954524784,0.9969128473,0.9965156794,0.9974670719,19.5312941
1530,2.72E-03,0.002677996574,0.002138316494,0.9941711686,0.9937464468,0.9949977262,0.9967555591,0.9965156794,0.9972144847,19.62768056
1540,2.64E-03,0.002635301025,0.002069462639,0.994029002,0.9937464468,0.9954524784,0.9966761633,0.9965156794,0.9974670719,19.72765069
1550,2.56E-03,0.002696552719,0.001941585852,0.9943133352,0.9937464468,0.9959072306,0.9968339402,0.9965178854,0.9977197872,19.83172085
1560,2.51E-03,0.00264034915,0.001906069445,0.9948820017,0.9943149517,0.9959072306,0.997150095,0.9968334389,0.9977197872,19.97312018
1570,2.56E-03,0.002653249793,0.002018024334,0.9950241683,0.9954519613,0.9954524784,0.9972290397,0.9974651458,0.9974657881,20.09298485
1580,2.50E-03,0.002623755289,0.001905196599,0.9948820017,0.9954519613,0.9959072306,0.997150095,0.9974651458,0.9977197872,20.23964468
1590,2.43E-03,0.002553431333,0.00185208587,0.9948820017,0.9943149517,0.9959072306,0.997150095,0.9968334389,0.9977197872,20.41141104
1600,2.42E-03,0.002543229495,0.001844855325,0.9948820017,0.9943149517,0.9959072306,0.997150095,0.9968334389,0.9977197872,20.53731374
1610,2.30E-03,0.002564621215,0.001715711234,0.9955928348,0.9943149517,0.9968167349,0.9975449434,0.9968334389,0.998225602,20.64922035
1620,2.26E-03,0.002586775997,0.001699773472,0.9955928348,0.9937464468,0.9963619827,0.9975449434,0.9965156794,0.9979716024,20.74533915
1630,2.22E-03,0.002598384524,0.001605229521,0.9955928348,0.9937464468,0.9963619827,0.9975461094,0.9965178854,0.9979726305,20.85821662
1640,2.19E-03,0.002491024388,0.00164945335,0.9955928348,0.9943149517,0.9963619827,0.9975449434,0.9968334389,0.9979705733,20.95254485
1650,2.15E-03,0.002476432905,0.001609504244,0.9955928348,0.9943149517,0.9968167349,0.9975449434,0.9968334389,0.998224702,21.12022315
1660,2.15E-03,0.002468990278,0.001598758319,0.9955928348,0.9943149517,0.9968167349,0.9975449434,0.9968334389,0.998224702,21.25683921
1670,2.14E-03,0.002476018119,0.001565843142,0.9955928348,0.9943149517,0.997271487,0.9975449434,0.9968334389,0.9984787018,21.36338415
1680,2.13E-03,0.002461060253,0.001568532409,0.9955928348,0.9943149517,0.9968167349,0.9975449434,0.9968334389,0.998225602,21.4620664
1690,2.04E-03,0.002303656684,0.001595838885,0.9957350014,0.9948834565,0.9981809914,0.9976239506,0.9971473851,0.9989852867,21.55287752
1700,2.01E-03,0.002319618119,0.001532251465,0.9957350014,0.9948834565,0.9977262392,0.9976239506,0.9971473851,0.99873193,21.65005909
1710,2.07E-03,0.002237236096,0.001553409474,0.9957350014,0.9948834565,0.997271487,0.9976235741,0.9971473851,0.9984771574,21.75232047
1720,2.05E-03,0.002353607061,0.001533215017,0.9953085016,0.9948834565,0.9959072306,0.9973848958,0.9971473851,0.9977139954,21.85588231
1730,2.05E-03,0.00220923472,0.001859610802,0.9955928348,0.9954519613,0.9959072306,0.997542608,0.9974635384,0.9977128335,21.97029986
1740,1.95E-03,0.002222025528,0.001436159038,0.995877168,0.9948834565,0.9977262392,0.9977029703,0.9971473851,0.9987312865,22.15153621
1750,1.93E-03,0.002244341309,0.001415187317,0.9955928348,0.9948834565,0.9977262392,0.9975453322,0.9971491923,0.99873193,22.24948744
1760,1.93E-03,0.002260275273,0.001367883261,0.9957350014,0.9948834565,0.9981809914,0.9976243269,0.9971491923,0.9989858012,22.44250685
1770,1.89E-03,0.002161310548,0.00136009272,0.995877168,0.9954519613,0.9977262392,0.9977033341,0.9974651458,0.99873193,22.54341064
1780,1.89E-03,0.002155081082,0.001372323905,0.995877168,0.9954519613,0.997271487,0.9977033341,0.9974651458,0.9984787018,22.65333921
1790,1.97E-03,0.002279899917,0.001456319138,0.9957350014,0.9948834565,0.997271487,0.9976243269,0.9971491923,0.99847793,22.75914502
1800,1.87E-03,0.002215797648,0.001316874102,0.9955928348,0.9943149517,0.9977262392,0.9975453322,0.9968334389,0.9987325729,22.98216849
1810,1.80E-03,0.002152845862,0.001236727835,0.995877168,0.9948834565,0.9977262392,0.9977040614,0.9971491923,0.9987325729,23.08186803
1820,1.79E-03,0.002132553045,0.001247511548,0.995877168,0.9948834565,0.9981809914,0.9977040614,0.9971491923,0.9989858012,23.20195164
1830,1.75E-03,0.002152797291,0.001236259574,0.9963036679,0.9948834565,0.9981809914,0.9979410833,0.9971491923,0.9989858012,23.31696586
1840,1.74E-03,0.002121350476,0.001226337229,0.9963036679,0.9943149517,0.9981809914,0.9979410833,0.9968334389,0.9989858012,23.43273083
1850,1.74E-03,0.002149444433,0.001223323734,0.9963036679,0.9943149517,0.9981809914,0.9979410833,0.9968334389,0.9989858012,23.5340541
1860,1.76E-03,0.002169001523,0.001229251775,0.9961615013,0.9943149517,0.9981809914,0.997862402,0.9968334389,0.9989858012,23.84607855
1870,1.69E-03,0.002099538707,0.001233578458,0.9965880011,0.9937464468,0.9986357435,0.9980988593,0.9965156794,0.999239158,23.95868821
1880,1.68E-03,0.002081810251,0.001189907761,0.9964458345,0.9943149517,0.9981809914,0.9980201156,0.9968334389,0.9989858012,24.07539978
1890,1.63E-03,0.002126916283,0.001145126732,0.9964458345,0.9954519613,0.9981809914,0.998019802,0.9974651458,0.9989858012,24.23902811
1900,1.57E-03,0.002143623156,0.00111900677,0.9964458345,0.9954519613,0.9977262392,0.998019802,0.9974651458,0.99873193,24.34110282
1910,1.51E-03,0.002121875824,0.001071641735,0.9965880011,0.9948834565,0.9986357435,0.9980988593,0.9971473851,0.9992387719,24.43160812
1920,1.64E-03,0.002202960483,0.001170252144,0.9964458345,0.9937464468,0.9981809914,0.998019802,0.9965156794,0.9989852867,24.5629588
1930,1.51E-03,0.002094476893,0.001052733383,0.9965880011,0.9954519613,0.9986357435,0.9980988593,0.9974651458,0.9992387719,24.86055649
1940,1.47E-03,0.002020434042,0.001055473573,0.9965880011,0.9954519613,0.9986357435,0.9980988593,0.9974651458,0.999239158,24.95403169
1950,1.44E-03,0.002084298515,0.001072215123,0.9967301678,0.9948834565,0.9986357435,0.9981779292,0.9971491923,0.999239158,25.05383498
1960,1.43E-03,0.002080319639,0.001064507253,0.9967301678,0.9948834565,0.9986357435,0.9981779292,0.9971491923,0.999239158,25.26485517
1970,1.48E-03,0.002122471164,0.001033399595,0.9968723344,0.9943149517,0.9977262392,0.9982575638,0.9968334389,0.99873193,25.35625927
1980,1.32E-03,0.00192845738,0.0008748309976,0.9972988342,0.9943149517,0.9977262392,0.9984948111,0.9968334389,0.9987312865,25.45436705
1990,1.41E-03,0.00208835707,0.0009759929449,0.9974410009,0.9943149517,0.9977262392,0.9985739186,0.9968334389,0.9987312865,25.55467727
2000,1.21E-03,0.001827354964,0.0008510151251,0.9978675007,0.9954519613,0.9986357435,0.9988111278,0.9974651458,0.9992383854,25.65581078
2010,1.20E-03,0.001806606661,0.0008244900071,0.9978675007,0.9960204662,0.9995452478,0.9988111278,0.9977812995,0.9997462573,25.75162925
2020,1.18E-03,0.00173565367,0.0007911207808,0.9978675007,0.996588971,0.9995452478,0.9988111278,0.9980976538,0.9997462573,25.87297025
2030,1.19E-03,0.001730873693,0.0007944310234,0.9978675007,0.996588971,0.9995452478,0.9988111278,0.9980976538,0.9997462573,25.96992796
2040,1.13E-03,0.001672244993,0.0007594400109,0.9978675007,0.996588971,0.9995452478,0.9988111278,0.9980976538,0.9997462573,26.06221785
2050,1.09E-03,0.00161476576,0.0007756447258,0.9978675007,0.996588971,0.9990904957,0.9988109394,0.9980976538,0.9994923858,26.17822822
2060,1.08E-03,0.001617905468,0.0007577861377,0.9980096673,0.996588971,0.9990904957,0.998890298,0.9980976538,0.9994923858,26.26745989
2070,1.06E-03,0.001626346047,0.0007347233455,0.9980096673,0.996588971,0.9995452478,0.998890298,0.9980976538,0.9997462573,26.36826318
2080,1.04E-03,0.001587658445,0.0007283953075,0.9980096673,0.996588971,0.9990904957,0.998890298,0.9980976538,0.9994926433,26.45874311
2090,1.05E-03,0.001612504556,0.0007385479511,0.9980096673,0.996588971,0.9986357435,0.998890298,0.9980976538,0.9992387719,26.55271618
2100,9.77E-04,0.001444419629,0.0007261428888,0.9981518339,0.996588971,0.9995452478,0.9989694808,0.9980976538,0.9997462573,26.8438171
2110,1.00E-03,0.001459865325,0.0007379039916,0.9981518339,0.996588971,0.9990904957,0.9989694808,0.9980976538,0.9994926433,26.9457133
2120,9.67E-04,0.001440655882,0.0007181661482,0.9981518339,0.996588971,0.9990904957,0.9989694808,0.9980976538,0.9994926433,27.03677041
2130,9.41E-04,0.001431946084,0.0006918382803,0.9981518339,0.996588971,0.9990904957,0.9989694808,0.9980976538,0.9994926433,27.20464323
2140,9.29E-04,0.001384331758,0.0006866936106,0.9981518339,0.996588971,0.9995452478,0.9989694808,0.9980976538,0.9997462573,27.3057471
2150,9.44E-04,0.001381707762,0.0006747117284,0.9982940006,0.996588971,0.9995452478,0.9990488269,0.9980976538,0.9997462573,27.39522388
2160,8.65E-04,0.001235856447,0.0006201729757,0.9982940006,0.9971574758,0.9995452478,0.9990486761,0.9984142087,0.9997462573,27.49442428
2170,8.55E-04,0.001232815922,0.0006224375336,0.9982940006,0.996588971,0.9995452478,0.9990486761,0.9980976538,0.9997462573,27.67553356
2180,8.83E-04,0.001330775185,0.0006314087505,0.9980096673,0.996588971,0.9995452478,0.998890298,0.9980976538,0.9997462573,27.79787393
2190,7.97E-04,0.001146834972,0.0005895804116,0.9982940006,0.9971574758,0.9995452478,0.9990486761,0.9984142087,0.9997462573,27.92158846
2200,8.44E-04,0.001210275098,0.0006099058424,0.9981518339,0.9971574758,0.9995452478,0.9989696441,0.9984142087,0.9997462573,28.02810646
2210,7.73E-04,0.001164282453,0.0006065636699,0.9985783338,0.996588971,0.9990904957,0.9992072301,0.9980976538,0.9994926433,28.12961463
2220,7.55E-04,0.001158296283,0.0005926225541,0.9985783338,0.996588971,0.9990904957,0.9992072301,0.9980976538,0.9994926433,28.22475881
2230,7.53E-04,0.001154303284,0.000591639563,0.9985783338,0.996588971,0.9990904957,0.9992072301,0.9980976538,0.9994926433,28.32145076
2240,7.55E-04,0.00113856686,0.0005713288072,0.9985783338,0.996588971,0.9990904957,0.9992072301,0.9980976538,0.9994923858,28.42245133
2250,7.61E-04,0.001123709651,0.0006280347285,0.9984361672,0.996588971,0.9990904957,0.9991278839,0.9980976538,0.9994923858,28.52274443
2260,6.73E-04,0.0009506224989,0.0005377800324,0.9990048337,0.9977259807,0.9995452478,0.999444841,0.9987309645,0.9997461285,28.62293238
2270,6.32E-04,0.0009585952261,0.0005184721349,0.9991470003,0.9971574758,0.9995452478,0.9995241872,0.9984142087,0.9997461285,28.71421061
2280,6.14E-04,0.000959326413,0.000492919613,0.9991470003,0.9971574758,0.9995452478,0.9995241872,0.9984142087,0.9997461285,28.81190238
2290,6.56E-04,0.0009743135583,0.0005092652844,0.9991470003,0.9977259807,0.9995452478,0.9995241872,0.9987309645,0.9997461285,29.04711144
2300,6.01E-04,0.0009468240855,0.0004889810758,0.9991470003,0.996588971,0.9995452478,0.9995241872,0.9980976538,0.9997461285,29.15965785
2310,6.27E-04,0.001050208441,0.000489959779,0.9992891669,0.9960204662,1,0.9996035207,0.9977812995,1,29.32813909
2320,6.09E-04,0.000960471326,0.0004914692599,0.9991470003,0.996588971,0.9995452478,0.9995241872,0.9980976538,0.9997461285,29.43590342
2330,5.76E-04,0.0008216932479,0.0005232579258,0.9992891669,0.9977259807,0.9995452478,0.9996033949,0.9987309645,0.9997461285,29.53637447
2340,5.15E-04,0.0009010161301,0.0004350466651,0.9992891669,0.9971574758,1,0.9996034578,0.9984142087,1,29.64416987
2350,5.12E-04,0.0009003478278,0.0004421534835,0.9994313335,0.9971574758,1,0.9996827411,0.9984142087,1,29.75835772
2360,5.02E-04,0.00091534649,0.0004298709196,0.9995735001,0.9971574758,1,0.9997620747,0.9984142087,1,29.85792605
2370,5.11E-04,0.0008465944778,0.000537914582,0.9994313335,0.9977259807,0.9986357435,0.9996827411,0.9987317692,0.9992379985,29.98381561
2380,4.77E-04,0.000903169889,0.0004136375161,0.9995735001,0.9971574758,1,0.9997620747,0.9984142087,1,30.07979737
2390,4.73E-04,0.0008766223423,0.0004113752869,0.9995735001,0.9971574758,1,0.9997620747,0.9984142087,1,30.24425858
2400,4.65E-04,0.000828404788,0.000415580409,0.9995735001,0.9971574758,1,0.9997620747,0.9984142087,1,30.34880286
2410,4.59E-04,0.0008223850942,0.0004138241411,0.9995735001,0.9977259807,0.9995452478,0.9997620747,0.9987317692,0.9997461285,30.45565578
2420,4.66E-04,0.0008418568013,0.0003845655439,0.9992891669,0.9977259807,0.9995452478,0.9996035207,0.9987317692,0.9997462573,30.5547401
2430,4.49E-04,0.0008315948899,0.0004127691369,0.9995735001,0.9977259807,0.9990904957,0.9997620747,0.9987317692,0.9994923858,30.65072399
2440,4.51E-04,0.000831154577,0.0004108420541,0.9995735001,0.9977259807,0.9990904957,0.9997620747,0.9987317692,0.9994923858,30.75509049
2450,4.26E-04,0.0008654115364,0.0004579175878,0.9995735001,0.9971574758,0.9990904957,0.9997620747,0.9984142087,0.9994923858,30.86300752
2460,4.22E-04,0.0008589533935,0.0004231426206,0.9995735001,0.9971574758,0.9995452478,0.9997620747,0.9984152139,0.9997461285,31.08787417
2470,4.13E-04,0.0008352152975,0.0003979853058,0.9995735001,0.9977259807,0.9995452478,0.9997620747,0.9987317692,0.9997461285,31.18934467
2480,4.06E-04,0.0008181959511,0.0004069625791,0.9995735001,0.9982944855,0.9995452478,0.9997620747,0.9990491284,0.9997461285,31.28289818
2490,3.98E-04,0.0007645727391,0.0003996427619,0.9995735001,0.9982944855,0.9990904957,0.9997620747,0.9990485252,0.999492128,31.38629078
2500,3.99E-04,0.0007533232714,0.0003953454354,0.9995735001,0.9988629903,0.9990904957,0.9997620747,0.9993658846,0.999492128,31.5952709
2510,4.13E-04,0.0007923877696,0.0003701843617,0.9995735001,0.9977259807,0.9990904957,0.9997620747,0.9987317692,0.999492128,31.69512483
2520,4.04E-04,0.0007377469708,0.0004657415165,0.9995735001,0.9988629903,0.9990904957,0.999762037,0.9993658846,0.999492128,31.79068109
2530,3.90E-04,0.0007155284964,0.0004336818728,0.9997156668,0.9988629903,0.9990904957,0.9998413706,0.9993658846,0.999492128,31.89429321
2540,3.92E-04,0.0007078899103,0.0004315658385,0.9997156668,0.9988629903,0.9990904957,0.9998413706,0.9993658846,0.999492128,31.98543565
2550,3.76E-04,0.0007612505399,0.0003838921066,0.9997156668,0.9988629903,0.9995452478,0.9998413706,0.9993658846,0.9997461285,32.12008333
2560,3.73E-04,0.0007831868437,0.0003709255827,0.9997156668,0.9988629903,0.9995452478,0.9998413706,0.9993658846,0.9997461285,32.22217256
2570,4.03E-04,0.0007192475521,0.0004214304676,0.9995735001,0.9988629903,0.9995452478,0.9997620747,0.9993658846,0.9997461285,32.32061178
2580,3.61E-04,0.0006488072078,0.0004237430686,0.9997156668,0.9982944855,0.9995452478,0.9998413706,0.9990485252,0.9997461285,32.42066643
2590,3.56E-04,0.0006661186032,0.000355148403,0.9997156668,0.9988629903,1,0.9998413706,0.9993658846,1,32.52240441
2600,3.56E-04,0.0006845249965,0.0003549796359,0.9997156668,0.9988629903,1,0.9998413706,0.9993658846,1,32.89889995
2610,3.35E-04,0.0006885604593,0.0003649656716,0.9997156668,0.9988629903,1,0.9998413706,0.9993658846,1,33.13988991
2620,3.36E-04,0.0006931651567,0.0003554074974,0.9997156668,0.9988629903,1,0.9998413706,0.9993658846,1,33.39674619
2630,3.29E-04,0.000670691471,0.0003641594366,0.9997156668,0.9988629903,1,0.9998413706,0.9993658846,1,33.62105396
2640,3.27E-04,0.0006593072436,0.0003651529134,0.9997156668,0.9988629903,1,0.9998413706,0.9993658846,1,33.8503613
2650,3.35E-04,0.0005872832707,0.0003787325111,0.9997156668,0.9988629903,1,0.9998413706,0.9993658846,1,34.07450527
2660,3.21E-04,0.0006174118588,0.0003759904723,0.9997156668,0.9988629903,1,0.9998413706,0.9993658846,1,34.33336478
2670,3.21E-04,0.0006057206689,0.0003787652166,0.9997156668,0.9988629903,1,0.9998413706,0.9993658846,1,34.73217477
2680,3.12E-04,0.0005957480014,0.0004117255113,0.9997156668,0.9988629903,0.9990904957,0.9998413706,0.9993658846,0.999492128,35.04161706
2690,3.14E-04,0.0006610250168,0.0003846390581,0.9997156668,0.9988629903,0.9995452478,0.9998413706,0.9993658846,0.9997461285,35.3008087
2700,3.00E-04,0.0006031748522,0.0003516468157,0.9997156668,0.9988629903,0.9995452478,0.9998413706,0.9993658846,0.9997461285,35.52713339
2710,2.96E-04,0.0006106088325,0.0003530073187,0.9997156668,0.9988629903,0.9995452478,0.9998413706,0.9993658846,0.9997461285,36.13974682
2720,3.63E-04,0.0005346562938,0.000437309043,0.9995735001,0.9994314952,0.9986357435,0.999762037,0.9996828417,0.9992379985,36.53921699
2730,2.98E-04,0.0006255327673,0.0003514783556,0.9997156668,0.9988629903,0.9995452478,0.9998413706,0.9993658846,0.9997461285,36.79676491
2740,3.78E-04,0.0008461327202,0.0004190181602,0.9994313335,0.9982944855,0.9990904957,0.9996827914,0.9990491284,0.9994923858,37.11758029
2750,2.90E-04,0.0005915906117,0.0003536685075,0.9997156668,0.9988629903,0.9995452478,0.9998413706,0.9993658846,0.9997461285,37.37879233
2760,2.84E-04,0.0006020554206,0.0003315620306,0.9997156668,0.9988629903,0.9995452478,0.9998413706,0.9993658846,0.9997461285,37.61909917
2770,2.83E-04,0.0006031743942,0.0003341887576,0.9997156668,0.9988629903,0.9995452478,0.9998413706,0.9993658846,0.9997461285,37.83667746
2780,2.85E-04,0.0005826100695,0.0003478923597,0.9997156668,0.9988629903,0.9995452478,0.9998413706,0.9993658846,0.9997461285,38.24944583
2790,2.77E-04,0.0006347962265,0.0003191637883,0.9997156668,0.9988629903,0.9995452478,0.9998413706,0.9993658846,0.9997461285,38.89988375
2800,2.76E-04,0.0006433485247,0.0003292677235,0.9997156668,0.9982944855,0.9995452478,0.9998413706,0.9990485252,0.9997461285,39.22439221
2810,2.87E-04,0.0006266814794,0.000321084836,0.9997156668,0.9982944855,0.9995452478,0.9998413706,0.9990485252,0.9997461285,39.63675051
2820,2.74E-04,0.000675029131,0.0003040043596,0.9997156668,0.9982944855,0.9995452478,0.9998413706,0.9990485252,0.9997461285,39.94825727
2830,2.81E-04,0.0006422584227,0.0003149567198,0.9997156668,0.9982944855,1,0.9998413706,0.9990485252,1,40.32215189
2840,2.71E-04,0.0006613111502,0.0003138304923,0.9997156668,0.9982944855,0.9995452478,0.9998413706,0.9990485252,0.9997461285,40.74080092
2850,2.63E-04,0.0005826641177,0.0002853228683,0.9998578334,0.9988629903,0.9995452478,0.999920679,0.9993654822,0.9997461285,41.17250328
2860,2.61E-04,0.0005613325226,0.0002975830918,0.9998578334,0.9988629903,0.9995452478,0.999920679,0.9993654822,0.9997461285,41.47662825
2870,2.56E-04,0.0006179664955,0.000275901478,0.9998578334,0.9988629903,1,0.999920679,0.9993658846,1,41.82299743
2880,2.70E-04,0.0008076762698,0.0002615090043,0.9998578334,0.9988629903,1,0.999920679,0.9993658846,1,42.14567703
2890,2.51E-04,0.0006207271461,0.0002891186104,0.9998578334,0.9988629903,0.9995452478,0.999920679,0.9993658846,0.9997461285,42.69300479
2900,2.50E-04,0.000626170967,0.0002672512473,0.9998578334,0.9988629903,0.9995452478,0.999920679,0.9993658846,0.9997461285,42.99187085
2910,2.39E-04,0.0006251499521,0.0002518826198,0.9998578334,0.9988629903,1,0.999920679,0.9993658846,1,43.23867639
2920,2.36E-04,0.0006681850009,0.0002520689425,0.9998578334,0.9988629903,1,0.999920679,0.9993658846,1,43.68403118
2930,2.30E-04,0.0006043110525,0.0002904130554,0.9998578334,0.9988629903,0.9995452478,0.999920679,0.9993658846,0.9997461285,43.98243258
2940,2.43E-04,0.0006266110443,0.0003105566896,0.9998578334,0.9982944855,0.9990904957,0.999920679,0.9990491284,0.9994923858,44.30082053
2950,2.25E-04,0.000588424631,0.0002790566655,0.9998578334,0.9988629903,0.9995452478,0.999920679,0.9993658846,0.9997461285,44.51925779
2960,2.20E-04,0.0006199646428,0.0002546499243,0.9998578334,0.9988629903,0.9995452478,0.999920679,0.9993658846,0.9997461285,45.04544286
2970,2.29E-04,0.0006719575321,0.0002527877654,0.9997156668,0.9988629903,0.9995452478,0.9998413706,0.9993658846,0.9997461285,45.42225418
2980,2.16E-04,0.0005766818386,0.0002493414854,0.9998578334,0.9982944855,0.9995452478,0.999920679,0.9990485252,0.9997461285,45.73283091
2990,2.08E-04,0.000599900104,0.0002556416177,0.9998578334,0.9982944855,0.9995452478,0.999920679,0.9990485252,0.9997461285,45.86613154
3000,2.07E-04,0.0005784086932,0.000244684369,0.9998578334,0.9988629903,0.9995452478,0.999920679,0.9993658846,0.9997461285,46.17141334
3010,2.03E-04,0.0006438289197,0.0002561460763,0.9998578334,0.9988629903,0.9995452478,0.999920679,0.9993658846,0.9997461285,46.49716086
3020,1.95E-04,0.0006573306011,0.0002382862356,0.9998578334,0.9982944855,0.9995452478,0.999920679,0.9990491284,0.9997461285,46.789349
3030,1.94E-04,0.0006691392984,0.000233524792,0.9998578334,0.9982944855,0.9995452478,0.999920679,0.9990491284,0.9997461285,47.1389522
3040,1.89E-04,0.000687986967,0.0002174489068,0.9998578334,0.9982944855,0.9995452478,0.999920679,0.9990491284,0.9997461285,47.35820793
3050,2.09E-04,0.0007190122218,0.0002298290629,0.9998578334,0.9977259807,0.9995452478,0.999920679,0.9987325729,0.9997461285,47.7472487
3060,1.79E-04,0.0006964760522,0.0002436727467,0.9998578334,0.9982944855,0.9995452478,0.999920679,0.9990491284,0.9997461285,48.07941318
3070,1.76E-04,0.0006760695564,0.000220637561,0.9998578334,0.9982944855,0.9995452478,0.999920679,0.9990491284,0.9997461285,48.37964438
3080,1.75E-04,0.0006839248678,0.0002080808187,0.9998578334,0.9982944855,0.9995452478,0.999920679,0.9990491284,0.9997461285,48.79904169
3090,1.74E-04,0.0006504729932,0.0002080052947,0.9998578334,0.9988629903,0.9995452478,0.999920679,0.9993658846,0.9997461285,49.16073817
3100,1.72E-04,0.0005757351373,0.0002208320822,0.9998578334,0.9988629903,0.9995452478,0.999920679,0.9993658846,0.9997461285,49.4634394
3110,1.81E-04,0.0006747189901,0.0001773981459,0.9998578334,0.9988629903,0.9995452478,0.999920679,0.9993658846,0.9997461285,49.77837077
3120,1.65E-04,0.0006216276091,0.0001949040681,0.9998578334,0.9988629903,0.9995452478,0.999920679,0.9993658846,0.9997461285,50.25764508
3130,1.63E-04,0.0006483251476,0.0002071663087,0.9998578334,0.9988629903,0.9995452478,0.999920679,0.9993658846,0.9997461285,50.63593859
3140,1.54E-04,0.0006648213316,0.0001714695041,0.9998578334,0.9988629903,0.9995452478,0.999920679,0.9993658846,0.9997461285,51.20623264
3150,1.54E-04,0.0006664991832,0.0001708613678,0.9998578334,0.9988629903,0.9995452478,0.999920679,0.9993658846,0.9997461285,51.79266992
3160,1.52E-04,0.0006903680876,0.0001922008888,0.9998578334,0.9988629903,0.9995452478,0.999920679,0.9993658846,0.9997461285,52.31532649
3170,1.47E-04,0.0007193375691,0.0001804005159,0.9998578334,0.9982944855,0.9995452478,0.999920679,0.9990491284,0.9997461285,52.79004416
3180,1.47E-04,0.0006484518529,0.0001842840815,0.9998578334,0.9988629903,0.9995452478,0.999920679,0.9993658846,0.9997461285,53.25323922
3190,1.48E-04,0.0006868932896,0.000193794594,0.9998578334,0.9988629903,0.9995452478,0.999920679,0.9993658846,0.9997461285,53.68611985
3200,1.44E-04,0.0006133308953,0.0001855350005,0.9998578334,0.9988629903,0.9995452478,0.999920679,0.9993658846,0.9997461285,54.13422345
3210,1.44E-04,0.0006385449108,0.0001898959545,0.9998578334,0.9988629903,0.9995452478,0.999920679,0.9993658846,0.9997461285,54.61106865
3220,1.39E-04,0.0006173964834,0.0001812623098,0.9998578334,0.9988629903,0.9995452478,0.999920679,0.9993658846,0.9997461285,55.01389158
3230,1.39E-04,0.0006174260156,0.0001811819297,0.9998578334,0.9988629903,0.9995452478,0.999920679,0.9993658846,0.9997461285,55.47128692
3240,1.37E-04,0.0005760952291,0.0002313629593,0.9998578334,0.9988629903,0.9995452478,0.999920679,0.9993658846,0.9997461285,55.92255976
3250,1.34E-04,0.0005884296579,0.0002418795973,0.9998578334,0.9988629903,0.9995452478,0.999920679,0.9993658846,0.9997461285,56.5086254
3260,1.29E-04,0.0006322190533,0.0002165098756,0.9998578334,0.9982944855,0.9995452478,0.999920679,0.9990491284,0.9997461285,56.93044544
3270,1.28E-04,0.0006404605891,0.0002223563991,0.9998578334,0.9982944855,0.9995452478,0.999920679,0.9990491284,0.9997461285,57.11664969
3280,1.28E-04,0.0006379458954,0.0002276849064,0.9998578334,0.9988629903,0.9995452478,0.999920679,0.9993658846,0.9997461285,57.67298391
3290,1.52E-04,0.0006848778815,0.0002626446465,0.9997156668,0.9988629903,0.9990904957,0.9998413706,0.9993658846,0.999492128,58.01902444
3300,1.28E-04,0.0006335098474,0.0002122043983,0.9998578334,0.9982944855,0.9995452478,0.999920679,0.9990491284,0.9997461285,58.64070607
3310,1.24E-04,0.0006262858854,0.0002256214196,0.9998578334,0.9982944855,0.9995452478,0.999920679,0.9990491284,0.9997461285,59.02456408
3320,1.28E-04,0.0006417380722,0.0002315701841,0.9998578334,0.9982944855,0.9995452478,0.999920679,0.9990491284,0.9997461285,59.55951463
3330,1.32E-04,0.000677084069,0.0002319036406,0.9998578334,0.9977259807,0.9995452478,0.999920679,0.9987325729,0.9997461285,59.71066009
3340,1.23E-04,0.0006011282048,0.0002402683973,0.9998578334,0.9988629903,0.9995452478,0.999920679,0.9993658846,0.9997461285,59.92286569
3350,1.19E-04,0.0006424078308,0.000224245756,0.9998578334,0.9982944855,0.9995452478,0.999920679,0.9990491284,0.9997461285,60.07982462
3360,1.19E-04,0.0006637402915,0.0001968163003,0.9998578334,0.9988629903,0.9995452478,0.999920679,0.9993658846,0.9997461285,60.22539169
3370,1.13E-04,0.0006957105427,0.0001956439063,0.9998578334,0.9988629903,0.9995452478,0.999920679,0.9993658846,0.9997461285,60.37668866
3380,1.16E-04,0.0006863401163,0.000205448181,0.9998578334,0.9988629903,0.9995452478,0.999920679,0.9993658846,0.9997461285,61.02856471
3390,1.13E-04,0.0007209154751,0.0001850352533,0.9998578334,0.9988629903,0.9995452478,0.999920679,0.9993658846,0.9997461285,61.18440047
3400,1.21E-04,0.0007653978266,0.0001973319882,0.9998578334,0.9982944855,0.9995452478,0.999920679,0.9990491284,0.9997461285,61.51345457
3410,1.12E-04,0.0007013732188,0.0001928725955,0.9998578334,0.9988629903,0.9995452478,0.999920679,0.9993658846,0.9997461285,61.66390916
3420,1.12E-04,0.0006965893154,0.0001952249722,0.9998578334,0.9988629903,0.9995452478,0.999920679,0.9993658846,0.9997461285,61.79749965
3430,1.11E-04,0.0006581229818,0.000179724004,0.9998578334,0.9988629903,0.9995452478,0.999920679,0.9993658846,0.9997461285,61.94176876
3440,1.12E-04,0.0006922433842,0.0001658174761,0.9998578334,0.9988629903,0.9995452478,0.999920679,0.9993658846,0.9997461285,62.07083685
3450,1.10E-04,0.0006570363141,0.0001733513643,0.9998578334,0.9988629903,0.9995452478,0.999920679,0.9993658846,0.9997461285,62.20103417
3460,1.16E-04,0.0006586827981,0.0001885070683,0.9998578334,0.9988629903,0.9995452478,0.999920679,0.9993658846,0.9997461285,62.33859998
3470,1.10E-04,0.0006658799111,0.0001709945115,0.9998578334,0.9988629903,0.9995452478,0.999920679,0.9993658846,0.9997461285,62.46354882
3480,1.11E-04,0.0006307729203,0.0001745620808,0.9998578334,0.9988629903,0.9995452478,0.999920679,0.9993658846,0.9997461285,62.81077879
3490,1.11E-04,0.0006991070388,0.0001712155427,0.9998578334,0.9982944855,0.9995452478,0.999920679,0.9990491284,0.9997461285,62.95337788
3500,1.10E-04,0.0006838125906,0.0001843198131,0.9998578334,0.9988629903,0.9995452478,0.999920679,0.9993658846,0.9997461285,63.10503014
3510,1.12E-04,0.00069235906,0.0001931631842,0.9998578334,0.9988629903,0.9995452478,0.999920679,0.9993658846,0.9997461285,63.24293962
3520,1.09E-04,0.0007031010769,0.0001801507474,0.9998578334,0.9988629903,0.9995452478,0.999920679,0.9993658846,0.9997461285,63.36998804
3530,1.12E-04,0.000745871615,0.0001613838331,0.9998578334,0.9982944855,0.9995452478,0.999920679,0.9990491284,0.9997461285,63.5007308
3540,1.12E-04,0.0006092762102,0.0001806736817,0.9998578334,0.9988629903,0.9995452478,0.999920679,0.9993658846,0.9997461285,63.63178776
3550,1.04E-04,0.0006985429455,0.0001854464705,0.9998578334,0.9988629903,0.9995452478,0.999920679,0.9993658846,0.9997461285,63.75636879
3560,1.04E-04,0.000701596752,0.0001854574493,0.9998578334,0.9988629903,0.9995452478,0.999920679,0.9993658846,0.9997461285,64.02052131
3570,1.04E-04,0.0006765724224,0.000185279587,0.9998578334,0.9988629903,0.9995452478,0.999920679,0.9993658846,0.9997461285,64.17644485
3580,1.04E-04,0.0006413381335,0.0001844664843,0.9998578334,0.9988629903,0.9995452478,0.999920679,0.9993658846,0.9997461285,64.36288121
3590,1.07E-04,0.000634517526,0.0002309629781,0.9998578334,0.9988629903,0.9995452478,0.999920679,0.9993658846,0.9997461285,64.87609166
3600,1.18E-04,0.0006850746364,0.0001843956687,0.9998578334,0.9988629903,0.9995452478,0.999920679,0.9993658846,0.9997461285,65.04071171
3610,1.03E-04,0.0006689404233,0.0001885269269,0.9998578334,0.9988629903,0.9995452478,0.999920679,0.9993658846,0.9997461285,65.22905752
3620,1.03E-04,0.0007344759007,0.0001828935209,0.9998578334,0.9982944855,0.9995452478,0.999920679,0.9990491284,0.9997461285,65.36125248
3630,1.02E-04,0.0007071193264,0.0001847111236,0.9998578334,0.9988629903,0.9995452478,0.999920679,0.9993658846,0.9997461285,65.55632311
3640,1.03E-04,0.0007435015766,0.0001893264529,0.9998578334,0.9988629903,0.9995452478,0.999920679,0.9993658846,0.9997461285,65.67987019
3650,1.01E-04,0.0007154883458,0.000180915184,0.9998578334,0.9982944855,0.9995452478,0.999920679,0.9990491284,0.9997461285,65.80352515
3660,1.04E-04,0.0008121368248,0.0002017151127,0.9998578334,0.9971574758,0.9995452478,0.999920679,0.9984162179,0.9997461285,65.93388012
3670,1.02E-04,0.0007108054679,0.0001811150449,0.9998578334,0.9982944855,0.9995452478,0.999920679,0.9990491284,0.9997461285,66.06057005
3680,1.04E-04,0.00074787293,0.0002071286091,0.9998578334,0.9977259807,0.9995452478,0.999920679,0.9987325729,0.9997461285,66.19564413
3690,1.03E-04,0.0007595261119,0.0001755214738,0.9998578334,0.9982944855,0.9995452478,0.999920679,0.9990491284,0.9997461285,66.40769516
3700,1.00E-04,0.0007390666356,0.0001837797184,0.9998578334,0.9982944855,0.9995452478,0.999920679,0.9990491284,0.9997461285,66.5381114
3710,1.00E-04,0.0007360999589,0.0001839392258,0.9998578334,0.9982944855,0.9995452478,0.999920679,0.9990491284,0.9997461285,66.68129781
3720,1.00E-04,0.0007432902774,0.0001828974562,0.9998578334,0.9982944855,0.9995452478,0.999920679,0.9990491284,0.9997461285,66.83612955
3730,1.57E-04,0.0009907668964,0.0001878563021,0.9998578334,0.9982944855,0.9995452478,0.999920679,0.9990491284,0.9997461285,67.06314719
3740,1.02E-04,0.0007394049441,0.0001861249684,0.9998578334,0.9988629903,0.9995452478,0.999920679,0.9993658846,0.9997461285,67.19362492
3750,1.09E-04,0.0007459895476,0.0001817986594,0.9998578334,0.9982944855,0.9995452478,0.999920679,0.9990491284,0.9997461285,67.31471593
3760,9.91E-05,0.0006349529223,0.0001759156133,0.9998578334,0.9988629903,0.9995452478,0.999920679,0.9993658846,0.9997461285,67.53805578
3770,9.77E-05,0.0006732951044,0.0001832288254,0.9998578334,0.9988629903,0.9995452478,0.999920679,0.9993658846,0.9997461285,67.70950092
3780,1.00E-04,0.0006173691152,0.0001866864684,0.9998578334,0.9988629903,0.9995452478,0.999920679,0.9993658846,0.9997461285,67.85203799
3790,9.69E-05,0.0006244095479,0.0001752713597,0.9998578334,0.9988629903,0.9995452478,0.999920679,0.9993658846,0.9997461285,67.99889766
3800,9.67E-05,0.0006315421017,0.0001758912311,0.9998578334,0.9988629903,0.9995452478,0.999920679,0.9993658846,0.9997461285,68.13366894
3810,9.98E-05,0.0007468581125,0.000175626796,0.9998578334,0.9982944855,0.9995452478,0.999920679,0.9990491284,0.9997461285,68.38657576
3820,9.71E-05,0.0006908499157,0.0001653581492,0.9998578334,0.9982944855,0.9995452478,0.999920679,0.9990491284,0.9997461285,68.53419035
3830,9.66E-05,0.000669473748,0.0001844896133,0.9998578334,0.9982944855,0.9995452478,0.999920679,0.9990491284,0.9997461285,68.96294705
3840,9.51E-05,0.0006244810211,0.000165574799,0.9998578334,0.9988629903,0.9995452478,0.999920679,0.9993658846,0.9997461285,69.09309452
3850,9.58E-05,0.0006244938554,0.0001602396663,0.9998578334,0.9988629903,0.9995452478,0.999920679,0.9993658846,0.9997461285,69.29339257
3860,9.53E-05,0.0006720243212,0.000168456963,0.9998578334,0.9982944855,0.9995452478,0.999920679,0.9990491284,0.9997461285,69.67162267
3870,9.53E-05,0.0006377030191,0.0001701788267,0.9998578334,0.9988629903,0.9995452478,0.999920679,0.9993658846,0.9997461285,69.80767164
3880,9.43E-05,0.0006515562731,0.0001565084051,0.9998578334,0.9988629903,0.9995452478,0.999920679,0.9993658846,0.9997461285,69.93850003
3890,9.85E-05,0.0004805854305,0.0001528916076,0.9998578334,0.9988629903,0.9995452478,0.999920679,0.9993658846,0.9997461285,70.07037185
3900,9.23E-05,0.0006518976044,0.0001902320929,0.9998578334,0.9988629903,0.9995452478,0.999920679,0.9993658846,0.9997461285,70.20298193
3910,9.35E-05,0.0006141165023,0.0001609983154,0.9998578334,0.9988629903,0.9995452478,0.999920679,0.9993658846,0.9997461285,70.34250583
3920,9.15E-05,0.0006548218021,0.0001745274589,0.9998578334,0.9982944855,0.9995452478,0.999920679,0.9990491284,0.9997461285,70.48085966
3930,9.09E-05,0.0006446545089,0.000177757265,0.9998578334,0.9988629903,0.9995452478,0.999920679,0.9993658846,0.9997461285,70.60835132
3940,9.08E-05,0.0006677844957,0.0002451838872,0.9998578334,0.9988629903,0.9995452478,0.999920679,0.9993658846,0.9997461285,70.74911019
3950,9.04E-05,0.0006509768777,0.0001902118789,0.9998578334,0.9988629903,0.9995452478,0.999920679,0.9993658846,0.9997461285,70.87342851
3960,8.99E-05,0.000655442042,0.0001903986547,0.9998578334,0.9988629903,0.9995452478,0.999920679,0.9993658846,0.9997461285,71.00360689
3970,9.04E-05,0.0006855825352,0.000190182506,0.9998578334,0.9988629903,0.9995452478,0.999920679,0.9993658846,0.9997461285,71.21781449
3980,8.92E-05,0.000670525147,0.0001955962819,0.9998578334,0.9982944855,0.9995452478,0.999920679,0.9990491284,0.9997461285,71.35187775
3990,8.82E-05,0.0006723392596,0.0001899199192,0.9998578334,0.9982944855,0.9995452478,0.999920679,0.9990491284,0.9997461285,71.48608049
4000,9.42E-05,0.0008328778167,0.000183774495,0.9998578334,0.9982944855,0.9995452478,0.999920679,0.9990491284,0.9997461285,72.15960965
4010,8.79E-05,0.0006882698505,0.0001966347381,0.9998578334,0.9982944855,0.9995452478,0.999920679,0.9990491284,0.9997461285,72.39648883
4020,9.05E-05,0.0006597706051,0.0001854171343,0.9998578334,0.9988629903,0.9995452478,0.999920679,0.9993658846,0.9997461285,72.54518446
4030,8.71E-05,0.0007124371076,0.0001707033252,0.9998578334,0.9982944855,0.9995452478,0.999920679,0.9990491284,0.9997461285,72.67097203
4040,8.64E-05,0.0006955746377,0.0001714277688,0.9998578334,0.9982944855,0.9995452478,0.999920679,0.9990491284,0.9997461285,72.85195336
4050,8.69E-05,0.0006859169043,0.0001514015464,0.9998578334,0.9982944855,0.9995452478,0.999920679,0.9990491284,0.9997461285,72.99770964
4060,8.60E-05,0.0006897922859,0.0001486311511,0.9998578334,0.9982944855,0.9995452478,0.999920679,0.9990491284,0.9997461285,73.15723778
4070,8.96E-05,0.0007660319624,0.0001324224196,0.9998578334,0.9982944855,0.9995452478,0.999920679,0.9990491284,0.9997461285,73.30173775
4080,8.62E-05,0.0006652158774,0.000147666942,0.9998578334,0.9988629903,0.9995452478,0.999920679,0.9993658846,0.9997461285,73.45273513
4090,8.56E-05,0.0007062923853,0.0001522343668,0.9998578334,0.9982944855,0.9995452478,0.999920679,0.9990491284,0.9997461285,73.5757229
4100,8.65E-05,0.0007088989631,0.0001516607162,0.9998578334,0.9982944855,0.9995452478,0.999920679,0.9990491284,0.9997461285,73.78397024
4110,8.55E-05,0.0006948395308,0.0001506347157,0.9998578334,0.9982944855,0.9995452478,0.999920679,0.9990491284,0.9997461285,73.94262745
4120,8.56E-05,0.0006998074752,0.0001512235811,0.9998578334,0.9982944855,0.9995452478,0.999920679,0.9990491284,0.9997461285,74.08205227
4130,8.58E-05,0.000694517818,0.0001451538791,0.9998578334,0.9982944855,0.9995452478,0.999920679,0.9990491284,0.9997461285,74.21527742
4140,8.48E-05,0.0006408983633,0.0001611886107,0.9998578334,0.9988629903,0.9995452478,0.999920679,0.9993658846,0.9997461285,74.52660445
4150,8.42E-05,0.0006220925176,0.0001576275722,0.9998578334,0.9988629903,0.9995452478,0.999920679,0.9993658846,0.9997461285,74.6712501
4160,8.42E-05,0.0006561552968,0.0001594181055,0.9998578334,0.9988629903,0.9995452478,0.999920679,0.9993658846,0.9997461285,74.8065782
4170,9.83E-05,0.000703720217,0.0001242822258,0.9998578334,0.9988629903,0.9995452478,0.999920679,0.9993658846,0.9997461285,74.95641696
4180,8.47E-05,0.0006853753557,0.000160859172,0.9998578334,0.9988629903,0.9995452478,0.999920679,0.9993658846,0.9997461285,75.16253154
4190,1.35E-04,0.001013018003,0.000210623847,0.9998578334,0.9971574758,0.9995452478,0.999920679,0.9984162179,0.9997461285,75.33101478
4200,8.38E-05,0.0006436011417,0.000153445617,0.9998578334,0.9988629903,0.9995452478,0.999920679,0.9993658846,0.9997461285,75.48574525
4210,8.52E-05,0.000621538214,0.000153442194,0.9998578334,0.9988629903,0.9995452478,0.999920679,0.9993658846,0.9997461285,75.6101685
4220,8.37E-05,0.0006695114729,0.0001535768861,0.9998578334,0.9988629903,0.9995452478,0.999920679,0.9993658846,0.9997461285,75.73222451
4230,9.14E-05,0.0007010599763,0.0001267444226,0.9998578334,0.9988629903,0.9995452478,0.999920679,0.9993658846,0.9997461285,75.98269874
4240,8.34E-05,0.0007010771949,0.0001653749534,0.9998578334,0.9982944855,0.9995452478,0.999920679,0.9990491284,0.9997461285,76.11832343
4250,8.54E-05,0.0006496407299,0.0001583644346,0.9998578334,0.9988629903,0.9995452478,0.999920679,0.9993658846,0.9997461285,76.23549601
4260,8.24E-05,0.0006890541697,0.0001577530076,0.9998578334,0.9982944855,0.9995452478,0.999920679,0.9990491284,0.9997461285,76.36672849
4270,8.24E-05,0.0006882810257,0.0001584212634,0.9998578334,0.9982944855,0.9995452478,0.999920679,0.9990491284,0.9997461285,76.50725375
4280,8.16E-05,0.0006902510806,0.0001750931489,0.9998578334,0.9982944855,0.9995452478,0.999920679,0.9990491284,0.9997461285,76.89561199
4290,8.34E-05,0.0006768392129,0.0001886672829,0.9998578334,0.9982944855,0.9990904957,0.999920679,0.9990491284,0.999492128,77.02908225
4300,8.16E-05,0.0006641058695,0.0001961762616,0.9998578334,0.9988629903,0.9995452478,0.999920679,0.9993658846,0.9997461285,77.15604292
4310,8.06E-05,0.0006797608144,0.0001822594032,0.9998578334,0.9982944855,0.9995452478,0.999920679,0.9990491284,0.9997461285,77.27616258
4320,8.16E-05,0.0006979280183,0.0001837015983,0.9998578334,0.9982944855,0.9995452478,0.999920679,0.9990491284,0.9997461285,77.40440197
4330,8.08E-05,0.000706625939,0.0001796265257,0.9998578334,0.9982944855,0.9995452478,0.999920679,0.9990491284,0.9997461285,77.52391172
4340,8.98E-05,0.0006086027537,0.0001978229397,0.9998578334,0.9988629903,0.9995452478,0.999920679,0.9993658846,0.9997461285,77.65564646
4350,9.25E-05,0.0008675226701,0.0001738606198,0.9998578334,0.9977259807,0.9995452478,0.999920679,0.9987325729,0.9997461285,77.77291699
4360,8.09E-05,0.0006713749907,0.0001786887578,0.9998578334,0.9982944855,0.9995452478,0.999920679,0.9990491284,0.9997461285,77.8939791
4370,8.07E-05,0.0006749530885,0.0001814839728,0.9998578334,0.9988629903,0.9995452478,0.999920679,0.9993658846,0.9997461285,78.01550559
4380,7.97E-05,0.0006461998755,0.0001836185595,0.9998578334,0.9988629903,0.9995452478,0.999920679,0.9993658846,0.9997461285,78.14651938
4390,8.00E-05,0.0006417168167,0.0001833812583,0.9998578334,0.9988629903,0.9995452478,0.999920679,0.9993658846,0.9997461285,78.32445461
4400,8.57E-05,0.0006045062427,0.0001968466919,0.9998578334,0.9988629903,0.9995452478,0.999920679,0.9993658846,0.9997461285,78.44622479
4410,8.77E-05,0.0006124962377,0.0002715468211,0.9998578334,0.9988629903,0.9995452478,0.999920679,0.9993658846,0.9997461285,78.56779034
4420,7.92E-05,0.0006324829136,0.0001672335188,0.9998578334,0.9988629903,0.9995452478,0.999920679,0.9993658846,0.9997461285,78.69829495
4430,8.15E-05,0.0006527267941,0.0001596597354,0.9998578334,0.9982944855,0.9995452478,0.999920679,0.9990491284,0.9997461285,78.82011229
4440,7.89E-05,0.0006448982605,0.0001670325085,0.9998578334,0.9988629903,0.9995452478,0.999920679,0.9993658846,0.9997461285,78.93576403
4450,7.94E-05,0.0007196672843,0.0001609565216,0.9998578334,0.9982944855,0.9995452478,0.999920679,0.9990491284,0.9997461285,79.15672272
4460,7.88E-05,0.0006449002551,0.0001655991717,0.9998578334,0.9988629903,0.9995452478,0.999920679,0.9993658846,0.9997461285,79.27985555
4470,7.87E-05,0.0006419494092,0.0001696839957,0.9998578334,0.9988629903,0.9995452478,0.999920679,0.9993658846,0.9997461285,79.42702585
4480,7.85E-05,0.0006623107473,0.0001687169324,0.9998578334,0.9988629903,0.9995452478,0.999920679,0.9993658846,0.9997461285,79.56200729
4490,7.99E-05,0.0005974582055,0.0001660356745,0.9998578334,0.9988629903,0.9995452478,0.999920679,0.9993658846,0.9997461285,79.6775731
4500,7.83E-05,0.0006312182747,0.0001730217278,0.9998578334,0.9988629903,0.9995452478,0.999920679,0.9993658846,0.9997461285,79.80242238
4510,8.10E-05,0.0006374821061,0.0001582500005,0.9998578334,0.9988629903,0.9995452478,0.999920679,0.9993658846,0.9997461285,79.91953301
4520,8.07E-05,0.0006373176552,0.0001554345277,0.9998578334,0.9988629903,0.9995452478,0.999920679,0.9993658846,0.9997461285,80.15379427
4530,7.83E-05,0.0006499815394,0.0001562827922,0.9998578334,0.9988629903,0.9995452478,0.999920679,0.9993658846,0.9997461285,80.27039966
4540,7.85E-05,0.0006362138989,0.0001613682566,0.9998578334,0.9988629903,0.9995452478,0.999920679,0.9993658846,0.9997461285,80.38456093
4550,7.79E-05,0.0006371952234,0.0001562232069,0.9998578334,0.9988629903,0.9995452478,0.999920679,0.9993658846,0.9997461285,80.5063307
4560,7.79E-05,0.0006331127909,0.0001598568998,0.9998578334,0.9988629903,0.9995452478,0.999920679,0.9993658846,0.9997461285,80.63839603
4570,7.77E-05,0.0006161771379,0.0001506185684,0.9998578334,0.9988629903,0.9995452478,0.999920679,0.9993658846,0.9997461285,80.76173002
4580,7.73E-05,0.0006356624944,0.0001474306824,0.9998578334,0.9988629903,0.9995452478,0.999920679,0.9993658846,0.9997461285,80.88859977
4590,7.74E-05,0.0006350276432,0.00013981104,0.9998578334,0.9988629903,0.9995452478,0.999920679,0.9993658846,0.9997461285,81.0240716
4600,7.76E-05,0.0006105037029,0.0001456971646,0.9998578334,0.9988629903,0.9995452478,0.999920679,0.9993658846,0.9997461285,81.2826244
4610,7.76E-05,0.0006295527022,0.000141221975,0.9998578334,0.9988629903,0.9995452478,0.999920679,0.9993658846,0.9997461285,81.38967614
4620,7.95E-05,0.0006489168274,0.0001490453337,0.9998578334,0.9988629903,0.9995452478,0.999920679,0.9993658846,0.9997461285,81.50198068
4630,8.35E-05,0.0007088708158,0.0001516952861,0.9998578334,0.9982944855,0.9995452478,0.999920679,0.9990491284,0.9997461285,81.72205006
4640,7.67E-05,0.0006152490802,0.0001363253812,0.9998578334,0.9988629903,0.9995452478,0.999920679,0.9993658846,0.9997461285,81.8167373
4650,7.65E-05,0.0005724322368,0.0001426754811,0.9998578334,0.9988629903,0.9995452478,0.999920679,0.9993658846,0.9997461285,81.91729426
4660,7.65E-05,0.0005724322368,0.000142674086,0.9998578334,0.9988629903,0.9995452478,0.999920679,0.9993658846,0.9997461285,82.02652858
4670,7.64E-05,0.0005477646243,0.0001406635998,0.9998578334,0.9988629903,0.9995452478,0.999920679,0.9993658846,0.9997461285,82.12532338
4680,1.02E-04,0.0005597809435,0.0003520817503,0.9998578334,0.9988629903,0.9986357435,0.999920679,0.9993658846,0.9992379985,82.22185394
4690,7.67E-05,0.0005968277572,0.0001373017535,0.9998578334,0.9988629903,0.9995452478,0.999920679,0.9993658846,0.9997461285,82.33376774
4700,7.63E-05,0.0005838227233,0.0001376164377,0.9998578334,0.9988629903,0.9995452478,0.999920679,0.9993658846,0.9997461285,82.43417351
4710,7.62E-05,0.000589908704,0.0001381793594,0.9998578334,0.9988629903,0.9995452478,0.999920679,0.9993658846,0.9997461285,82.56707231
4720,7.61E-05,0.0005732149213,0.0001399197373,0.9998578334,0.9988629903,0.9995452478,0.999920679,0.9993658846,0.9997461285,82.67030301
4730,7.60E-05,0.0005674986978,0.000139787235,0.9998578334,0.9988629903,0.9995452478,0.999920679,0.9993658846,0.9997461285,82.769656
4740,7.90E-05,0.0005149405884,0.0001819009303,0.9998578334,0.9988629903,0.9995452478,0.999920679,0.9993658846,0.9997461285,82.92147884
4750,7.60E-05,0.0005596720859,0.000141055203,0.9998578334,0.9988629903,0.9995452478,0.999920679,0.9993658846,0.9997461285,83.02249937
4760,7.70E-05,0.0005812784989,0.0001401907494,0.9998578334,0.9988629903,0.9995452478,0.999920679,0.9993658846,0.9997461285,83.13607948
4770,7.75E-05,0.000612946235,0.0001400091476,0.9998578334,0.9982944855,0.9995452478,0.999920679,0.9990491284,0.9997461285,83.43542071
4780,7.73E-05,0.0004892191019,0.0001897970798,0.9998578334,0.9988629903,0.9995452478,0.999920679,0.9993658846,0.9997461285,83.5337885
4790,7.53E-05,0.0005559655661,0.0001675959738,0.9998578334,0.9988629903,0.9995452478,0.999920679,0.9993658846,0.9997461285,83.63376645
4800,7.53E-05,0.000556072162,0.0001679850119,0.9998578334,0.9988629903,0.9995452478,0.999920679,0.9993658846,0.9997461285,83.72426976
4810,7.57E-05,0.0005556169924,0.0001679550599,0.9998578334,0.9988629903,0.9995452478,0.999920679,0.9993658846,0.9997461285,83.81919526
4820,7.52E-05,0.0005749139194,0.0001693558193,0.9998578334,0.9988629903,0.9995452478,0.999920679,0.9993658846,0.9997461285,83.92467374
4830,7.50E-05,0.0005161306877,0.0001668758046,0.9998578334,0.9988629903,0.9995452478,0.999920679,0.9993658846,0.9997461285,84.02034883
4840,7.51E-05,0.0005286430404,0.0001675739331,0.9998578334,0.9988629903,0.9995452478,0.999920679,0.9993658846,0.9997461285,84.11757999
4850,7.49E-05,0.0005002935335,0.0001761473816,0.9998578334,0.9988629903,0.9995452478,0.999920679,0.9993658846,0.9997461285,84.21088835
4860,7.50E-05,0.0005538613788,0.0001704731849,0.9998578334,0.9988629903,0.9995452478,0.999920679,0.9993658846,0.9997461285,84.32200415
4870,7.53E-05,0.0005604459562,0.0001739944848,0.9998578334,0.9988629903,0.9995452478,0.999920679,0.9993658846,0.9997461285,84.42747596
4880,7.47E-05,0.0005341428989,0.0001746893214,0.9998578334,0.9988629903,0.9995452478,0.999920679,0.9993658846,0.9997461285,84.64640405
4890,7.43E-05,0.0005298860056,0.0002001077631,0.9998578334,0.9988629903,0.9995452478,0.999920679,0.9993658846,0.9997461285,84.74193935
4900,7.50E-05,0.0005368753632,0.0002156450184,0.9998578334,0.9988629903,0.9995452478,0.999920679,0.9993658846,0.9997461285,84.85468538
4910,7.43E-05,0.0006237920973,0.0001983869888,0.9998578334,0.9982944855,0.9995452478,0.999920679,0.9990491284,0.9997461285,84.95501874
4920,7.40E-05,0.0005202382444,0.0001993536559,0.9998578334,0.9988629903,0.9995452478,0.999920679,0.9993658846,0.9997461285,85.06578691
4930,7.43E-05,0.0005208066834,0.0001987647637,0.9998578334,0.9988629903,0.9995452478,0.999920679,0.9993658846,0.9997461285,85.15569569
4940,7.41E-05,0.0005201664917,0.000200405298,0.9998578334,0.9988629903,0.9995452478,0.999920679,0.9993658846,0.9997461285,85.24795813
4950,7.41E-05,0.0005254535904,0.0001993051177,0.9998578334,0.9988629903,0.9995452478,0.999920679,0.9993658846,0.9997461285,85.34738538
4960,7.39E-05,0.0005184860469,0.0001994355278,0.9998578334,0.9988629903,0.9995452478,0.999920679,0.9993658846,0.9997461285,85.48166858
4970,7.40E-05,0.0005141159555,0.0001991913271,0.9998578334,0.9988629903,0.9995452478,0.999920679,0.9993658846,0.9997461285,85.59103933
4980,7.38E-05,0.0004849632507,0.0002001753602,0.9998578334,0.9994314952,0.9995452478,0.999920679,0.9996828417,0.9997461285,85.7318755
4990,7.37E-05,0.0005328432353,0.0001983139103,0.9998578334,0.9988629903,0.9995452478,0.999920679,0.9993658846,0.9997461285,85.84617987
5000,7.51E-05,0.0005947362397,0.000203992004,0.9998578334,0.9988629903,0.9995452478,0.999920679,0.9993658846,0.9997461285,85.94873229