iteration,MSE_trg,MSE_val,MSE_tst,acc_trg,acc_val,acc_tst,f1_trg,f1_val,f1_tst,elapsed
0,0.0105757434444,0.00858609417403,0.00858609417403,0.978385037518,0.982534706673,0.982534706673,0.989074440985,0.991190422408,0.991190422408,4.73370000122e-05
10,0.0105757434444,0.00858609417403,0.00858609417403,0.978385037518,0.982534706673,0.982534706673,0.989074440985,0.991190422408,0.991190422408,6.2531000026e-05
20,0.0105757434444,0.00858609417403,0.00858609417403,0.978385037518,0.982534706673,0.982534706673,0.989074440985,0.991190422408,0.991190422408,7.84130000113e-05
30,0.0105757434444,0.00858609417403,0.00858609417403,0.978385037518,0.982534706673,0.982534706673,0.989074440985,0.991190422408,0.991190422408,9.41350000687e-05
40,0.0105757434444,0.00858609417403,0.00858609417403,0.978385037518,0.982534706673,0.982534706673,0.989074440985,0.991190422408,0.991190422408,0.00011216200005
50,0.0105757434444,0.00858609417403,0.00858609417403,0.978385037518,0.982534706673,0.982534706673,0.989074440985,0.991190422408,0.991190422408,0.000127914000018
60,0.0105757434444,0.00858609417403,0.00858609417403,0.978385037518,0.982534706673,0.982534706673,0.989074440985,0.991190422408,0.991190422408,0.000138708999998
70,0.0105757434444,0.00858609417403,0.00858609417403,0.978385037518,0.982534706673,0.982534706673,0.989074440985,0.991190422408,0.991190422408,0.000154610999999
80,0.0105757434444,0.00858609417403,0.00858609417403,0.978385037518,0.982534706673,0.982534706673,0.989074440985,0.991190422408,0.991190422408,0.00017330299994
90,0.0105757434444,0.00858609417403,0.00858609417403,0.978385037518,0.982534706673,0.982534706673,0.989074440985,0.991190422408,0.991190422408,0.000185219999963
100,0.0105757434444,0.00858609417403,0.00858609417403,0.978385037518,0.982534706673,0.982534706673,0.989074440985,0.991190422408,0.991190422408,0.00019763399996
110,0.0105757434444,0.00858609417403,0.00858609417403,0.978385037518,0.982534706673,0.982534706673,0.989074440985,0.991190422408,0.991190422408,0.000213718999959
120,0.0105757434444,0.00858609417403,0.00858609417403,0.978385037518,0.982534706673,0.982534706673,0.989074440985,0.991190422408,0.991190422408,0.000225366999985
130,0.0105757434444,0.00858609417403,0.00858609417403,0.978385037518,0.982534706673,0.982534706673,0.989074440985,0.991190422408,0.991190422408,0.000241150999869
140,0.0105757434444,0.00858609417403,0.00858609417403,0.978385037518,0.982534706673,0.982534706673,0.989074440985,0.991190422408,0.991190422408,0.000253792999871
150,0.0105757434444,0.00858609417403,0.00858609417403,0.978385037518,0.982534706673,0.982534706673,0.989074440985,0.991190422408,0.991190422408,0.000268916999886
160,0.0105757434444,0.00858609417403,0.00858609417403,0.978385037518,0.982534706673,0.982534706673,0.989074440985,0.991190422408,0.991190422408,0.000286449999891
170,0.0105757434444,0.00858609417403,0.00858609417403,0.978385037518,0.982534706673,0.982534706673,0.989074440985,0.991190422408,0.991190422408,0.000301065999849
180,0.0105757434444,0.00858609417403,0.00858609417403,0.978385037518,0.982534706673,0.982534706673,0.989074440985,0.991190422408,0.991190422408,0.000315732999837
190,0.0105757434444,0.00858609417403,0.00858609417403,0.978385037518,0.982534706673,0.982534706673,0.989074440985,0.991190422408,0.991190422408,0.000331039999878
200,0.0105757434444,0.00858609417403,0.00858609417403,0.978385037518,0.982534706673,0.982534706673,0.989074440985,0.991190422408,0.991190422408,0.000341789999823
210,0.0105757434444,0.00858609417403,0.00858609417403,0.978385037518,0.982534706673,0.982534706673,0.989074440985,0.991190422408,0.991190422408,0.000356851999868
220,0.0105757434444,0.00858609417403,0.00858609417403,0.978385037518,0.982534706673,0.982534706673,0.989074440985,0.991190422408,0.991190422408,0.000394710999899
230,0.0105757434444,0.00858609417403,0.00858609417403,0.978385037518,0.982534706673,0.982534706673,0.989074440985,0.991190422408,0.991190422408,0.00040992799984
240,0.0105757434444,0.00858609417403,0.00858609417403,0.978385037518,0.982534706673,0.982534706673,0.989074440985,0.991190422408,0.991190422408,0.000426969999864
250,0.0105757434444,0.00858609417403,0.00858609417403,0.978385037518,0.982534706673,0.982534706673,0.989074440985,0.991190422408,0.991190422408,0.000459621999795
260,0.0105757434444,0.00858609417403,0.00858609417403,0.978385037518,0.982534706673,0.982534706673,0.989074440985,0.991190422408,0.991190422408,0.000474544999804
270,0.0105757434444,0.00858609417403,0.00858609417403,0.978385037518,0.982534706673,0.982534706673,0.989074440985,0.991190422408,0.991190422408,0.000488687999791
280,0.0105757434444,0.00858609417403,0.00858609417403,0.978385037518,0.982534706673,0.982534706673,0.989074440985,0.991190422408,0.991190422408,0.000507856999832
290,0.0105757434444,0.00858609417403,0.00858609417403,0.978385037518,0.982534706673,0.982534706673,0.989074440985,0.991190422408,0.991190422408,0.000519466999719
300,0.0105757434444,0.00858609417403,0.00858609417403,0.978385037518,0.982534706673,0.982534706673,0.989074440985,0.991190422408,0.991190422408,0.00053437399967
310,0.0105757434444,0.00858609417403,0.00858609417403,0.978385037518,0.982534706673,0.982534706673,0.989074440985,0.991190422408,0.991190422408,0.000549594999683
320,0.0105757434444,0.00858609417403,0.00858609417403,0.978385037518,0.982534706673,0.982534706673,0.989074440985,0.991190422408,0.991190422408,0.00056617299964
330,0.0105757434444,0.00858609417403,0.00858609417403,0.978385037518,0.982534706673,0.982534706673,0.989074440985,0.991190422408,0.991190422408,0.000578396999657
340,0.0105757434444,0.00858609417403,0.00858609417403,0.978385037518,0.982534706673,0.982534706673,0.989074440985,0.991190422408,0.991190422408,0.000594464999665
350,0.0105757434444,0.00858609417403,0.00858609417403,0.978385037518,0.982534706673,0.982534706673,0.989074440985,0.991190422408,0.991190422408,0.000606271999629
360,0.0105757434444,0.00858609417403,0.00858609417403,0.978385037518,0.982534706673,0.982534706673,0.989074440985,0.991190422408,0.991190422408,0.00062176899965
370,0.0105757434444,0.00858609417403,0.00858609417403,0.978385037518,0.982534706673,0.982534706673,0.989074440985,0.991190422408,0.991190422408,0.00063737299962
380,0.0105757434444,0.00858609417403,0.00858609417403,0.978385037518,0.982534706673,0.982534706673,0.989074440985,0.991190422408,0.991190422408,0.000649808999555
390,0.0105757434444,0.00858609417403,0.00858609417403,0.978385037518,0.982534706673,0.982534706673,0.989074440985,0.991190422408,0.991190422408,0.000690299999604
400,0.0105757434444,0.00858609417403,0.00858609417403,0.978385037518,0.982534706673,0.982534706673,0.989074440985,0.991190422408,0.991190422408,0.000746509999601
410,0.0105757434444,0.00858609417403,0.00858609417403,0.978385037518,0.982534706673,0.982534706673,0.989074440985,0.991190422408,0.991190422408,0.000761057999568
420,0.0105757434444,0.00858609417403,0.00858609417403,0.978385037518,0.982534706673,0.982534706673,0.989074440985,0.991190422408,0.991190422408,0.000771825999607
430,0.0105757434444,0.00858609417403,0.00858609417403,0.978385037518,0.982534706673,0.982534706673,0.989074440985,0.991190422408,0.991190422408,0.000783466999621
440,0.0105757434444,0.00858609417403,0.00858609417403,0.978385037518,0.982534706673,0.982534706673,0.989074440985,0.991190422408,0.991190422408,0.000798016999568
450,0.0105757434444,0.00858609417403,0.00858609417403,0.978385037518,0.982534706673,0.982534706673,0.989074440985,0.991190422408,0.991190422408,0.00080880599964
460,0.0105757434444,0.00858609417403,0.00858609417403,0.978385037518,0.982534706673,0.982534706673,0.989074440985,0.991190422408,0.991190422408,0.000820046999564
470,0.0105757434444,0.00858609417403,0.00858609417403,0.978385037518,0.982534706673,0.982534706673,0.989074440985,0.991190422408,0.991190422408,0.000854880999611
480,0.0105757434444,0.00858609417403,0.00858609417403,0.978385037518,0.982534706673,0.982534706673,0.989074440985,0.991190422408,0.991190422408,0.000893751999683
490,0.0105757434444,0.00858609417403,0.00858609417403,0.978385037518,0.982534706673,0.982534706673,0.989074440985,0.991190422408,0.991190422408,0.000907780999711
500,0.0105757434444,0.00858609417403,0.00858609417403,0.978385037518,0.982534706673,0.982534706673,0.989074440985,0.991190422408,0.991190422408,0.000922393999645
510,0.0105757434444,0.00858609417403,0.00858609417403,0.978385037518,0.982534706673,0.982534706673,0.989074440985,0.991190422408,0.991190422408,0.000938061999648
520,0.0105757434444,0.00858609417403,0.00858609417403,0.978385037518,0.982534706673,0.982534706673,0.989074440985,0.991190422408,0.991190422408,0.000952803999695
530,0.0105757434444,0.00858609417403,0.00858609417403,0.978385037518,0.982534706673,0.982534706673,0.989074440985,0.991190422408,0.991190422408,0.000964755999689
540,0.0105757434444,0.00858609417403,0.00858609417403,0.978385037518,0.982534706673,0.982534706673,0.989074440985,0.991190422408,0.991190422408,0.000974881999667
550,0.0105757434444,0.00858609417403,0.00858609417403,0.978385037518,0.982534706673,0.982534706673,0.989074440985,0.991190422408,0.991190422408,0.000991348999662
560,0.0105757434444,0.00858609417403,0.00858609417403,0.978385037518,0.982534706673,0.982534706673,0.989074440985,0.991190422408,0.991190422408,0.00100718699963
570,0.0105757434444,0.00858609417403,0.00858609417403,0.978385037518,0.982534706673,0.982534706673,0.989074440985,0.991190422408,0.991190422408,0.00102196299963
580,0.0105757434444,0.00858609417403,0.00858609417403,0.978385037518,0.982534706673,0.982534706673,0.989074440985,0.991190422408,0.991190422408,0.00103631299962
590,0.0105757434444,0.00858609417403,0.00858609417403,0.978385037518,0.982534706673,0.982534706673,0.989074440985,0.991190422408,0.991190422408,0.00105298299968
600,0.0105757434444,0.00858609417403,0.00858609417403,0.978385037518,0.982534706673,0.982534706673,0.989074440985,0.991190422408,0.991190422408,0.00106738699967
610,0.0105757434444,0.00858609417403,0.00858609417403,0.978385037518,0.982534706673,0.982534706673,0.989074440985,0.991190422408,0.991190422408,0.00107771799972
620,0.0105757434444,0.00858609417403,0.00858609417403,0.978385037518,0.982534706673,0.982534706673,0.989074440985,0.991190422408,0.991190422408,0.00109248199976
630,0.0105757434444,0.00858609417403,0.00858609417403,0.978385037518,0.982534706673,0.982534706673,0.989074440985,0.991190422408,0.991190422408,0.00110379399979
640,0.0105757434444,0.00858609417403,0.00858609417403,0.978385037518,0.982534706673,0.982534706673,0.989074440985,0.991190422408,0.991190422408,0.00111383999982
650,0.0105757434444,0.00858609417403,0.00858609417403,0.978385037518,0.982534706673,0.982534706673,0.989074440985,0.991190422408,0.991190422408,0.00112890199983
660,0.0105757434444,0.00858609417403,0.00858609417403,0.978385037518,0.982534706673,0.982534706673,0.989074440985,0.991190422408,0.991190422408,0.00113980799983
670,0.0105757434444,0.00858609417403,0.00858609417403,0.978385037518,0.982534706673,0.982534706673,0.989074440985,0.991190422408,0.991190422408,0.00115461299984
680,0.0105757434444,0.00858609417403,0.00858609417403,0.978385037518,0.982534706673,0.982534706673,0.989074440985,0.991190422408,0.991190422408,0.00116585399985
690,0.0105757434444,0.00858609417403,0.00858609417403,0.978385037518,0.982534706673,0.982534706673,0.989074440985,0.991190422408,0.991190422408,0.00118010999986
700,0.0105757434444,0.00858609417403,0.00858609417403,0.978385037518,0.982534706673,0.982534706673,0.989074440985,0.991190422408,0.991190422408,0.00119009899987
710,0.0105757434444,0.00858609417403,0.00858609417403,0.978385037518,0.982534706673,0.982534706673,0.989074440985,0.991190422408,0.991190422408,0.00120480599992
720,0.0105757434444,0.00858609417403,0.00858609417403,0.978385037518,0.982534706673,0.982534706673,0.989074440985,0.991190422408,0.991190422408,0.00121965999998
730,0.0105757434444,0.00858609417403,0.00858609417403,0.978385037518,0.982534706673,0.982534706673,0.989074440985,0.991190422408,0.991190422408,0.00123456299991
740,0.0105757434444,0.00858609417403,0.00858609417403,0.978385037518,0.982534706673,0.982534706673,0.989074440985,0.991190422408,0.991190422408,0.00124566599993
750,0.0105757434444,0.00858609417403,0.00858609417403,0.978385037518,0.982534706673,0.982534706673,0.989074440985,0.991190422408,0.991190422408,0.00126031399989
760,0.0105757434444,0.00858609417403,0.00858609417403,0.978385037518,0.982534706673,0.982534706673,0.989074440985,0.991190422408,0.991190422408,0.00128419999993
770,0.0105757434444,0.00858609417403,0.00858609417403,0.978385037518,0.982534706673,0.982534706673,0.989074440985,0.991190422408,0.991190422408,0.00129885699988
780,0.0105757434444,0.00858609417403,0.00858609417403,0.978385037518,0.982534706673,0.982534706673,0.989074440985,0.991190422408,0.991190422408,0.00130947199992
790,0.0105757434444,0.00858609417403,0.00858609417403,0.978385037518,0.982534706673,0.982534706673,0.989074440985,0.991190422408,0.991190422408,0.00132022299991
800,0.0105757434444,0.00858609417403,0.00858609417403,0.978385037518,0.982534706673,0.982534706673,0.989074440985,0.991190422408,0.991190422408,0.00133334299994
810,0.0105757434444,0.00858609417403,0.00858609417403,0.978385037518,0.982534706673,0.982534706673,0.989074440985,0.991190422408,0.991190422408,0.00134971699998
820,0.0105757434444,0.00858609417403,0.00858609417403,0.978385037518,0.982534706673,0.982534706673,0.989074440985,0.991190422408,0.991190422408,0.00136402900003
830,0.0105757434444,0.00858609417403,0.00858609417403,0.978385037518,0.982534706673,0.982534706673,0.989074440985,0.991190422408,0.991190422408,0.00137473700002
840,0.0105757434444,0.00858609417403,0.00858609417403,0.978385037518,0.982534706673,0.982534706673,0.989074440985,0.991190422408,0.991190422408,0.00138567200003
850,0.0105757434444,0.00858609417403,0.00858609417403,0.978385037518,0.982534706673,0.982534706673,0.989074440985,0.991190422408,0.991190422408,0.00140159899999
860,0.0105757434444,0.00858609417403,0.00858609417403,0.978385037518,0.982534706673,0.982534706673,0.989074440985,0.991190422408,0.991190422408,0.00141312299999
870,0.0105757434444,0.00858609417403,0.00858609417403,0.978385037518,0.982534706673,0.982534706673,0.989074440985,0.991190422408,0.991190422408,0.00142842999995
880,0.0105757434444,0.00858609417403,0.00858609417403,0.978385037518,0.982534706673,0.982534706673,0.989074440985,0.991190422408,0.991190422408,0.00144040099988
890,0.0105757434444,0.00858609417403,0.00858609417403,0.978385037518,0.982534706673,0.982534706673,0.989074440985,0.991190422408,0.991190422408,0.00145449499988
900,0.0105757434444,0.00858609417403,0.00858609417403,0.978385037518,0.982534706673,0.982534706673,0.989074440985,0.991190422408,0.991190422408,0.00148077499986
910,0.0105757434444,0.00858609417403,0.00858609417403,0.978385037518,0.982534706673,0.982534706673,0.989074440985,0.991190422408,0.991190422408,0.00149283399989
920,0.0105757434444,0.00858609417403,0.00858609417403,0.978385037518,0.982534706673,0.982534706673,0.989074440985,0.991190422408,0.991190422408,0.00150717299985
930,0.0105757434444,0.00858609417403,0.00858609417403,0.978385037518,0.982534706673,0.982534706673,0.989074440985,0.991190422408,0.991190422408,0.00152280099985
940,0.0105757434444,0.00858609417403,0.00858609417403,0.978385037518,0.982534706673,0.982534706673,0.989074440985,0.991190422408,0.991190422408,0.00153173699982
950,0.0105757434444,0.00858609417403,0.00858609417403,0.978385037518,0.982534706673,0.982534706673,0.989074440985,0.991190422408,0.991190422408,0.00154253099984
960,0.0105757434444,0.00858609417403,0.00858609417403,0.978385037518,0.982534706673,0.982534706673,0.989074440985,0.991190422408,0.991190422408,0.00155389299988
970,0.0105757434444,0.00858609417403,0.00858609417403,0.978385037518,0.982534706673,0.982534706673,0.989074440985,0.991190422408,0.991190422408,0.00156878799984
980,0.0105757434444,0.00858609417403,0.00858609417403,0.978385037518,0.982534706673,0.982534706673,0.989074440985,0.991190422408,0.991190422408,0.00158012799994
990,0.0105757434444,0.00858609417403,0.00858609417403,0.978385037518,0.982534706673,0.982534706673,0.989074440985,0.991190422408,0.991190422408,0.00160311999994
1000,0.0105757434444,0.00858609417403,0.00858609417403,0.978385037518,0.982534706673,0.982534706673,0.989074440985,0.991190422408,0.991190422408,0.00161951199988
1010,0.0105757434444,0.00858609417403,0.00858609417403,0.978385037518,0.982534706673,0.982534706673,0.989074440985,0.991190422408,0.991190422408,0.00163415599985
1020,0.0105757434444,0.00858609417403,0.00858609417403,0.978385037518,0.982534706673,0.982534706673,0.989074440985,0.991190422408,0.991190422408,0.00164879099987
1030,0.0105757434444,0.00858609417403,0.00858609417403,0.978385037518,0.982534706673,0.982534706673,0.989074440985,0.991190422408,0.991190422408,0.00166297499985
1040,0.0105757434444,0.00858609417403,0.00858609417403,0.978385037518,0.982534706673,0.982534706673,0.989074440985,0.991190422408,0.991190422408,0.00167239999988
1050,0.0105757434444,0.00858609417403,0.00858609417403,0.978385037518,0.982534706673,0.982534706673,0.989074440985,0.991190422408,0.991190422408,0.00168357099983
1060,0.0105757434444,0.00858609417403,0.00858609417403,0.978385037518,0.982534706673,0.982534706673,0.989074440985,0.991190422408,0.991190422408,0.00169843199984
1070,0.0105757434444,0.00858609417403,0.00858609417403,0.978385037518,0.982534706673,0.982534706673,0.989074440985,0.991190422408,0.991190422408,0.00171322099982
1080,0.0105757434444,0.00858609417403,0.00858609417403,0.978385037518,0.982534706673,0.982534706673,0.989074440985,0.991190422408,0.991190422408,0.00172345699985
1090,0.0105757434444,0.00858609417403,0.00858609417403,0.978385037518,0.982534706673,0.982534706673,0.989074440985,0.991190422408,0.991190422408,0.00173890999986
1100,0.0105757434444,0.00858609417403,0.00858609417403,0.978385037518,0.982534706673,0.982534706673,0.989074440985,0.991190422408,0.991190422408,0.00174967899986
1110,0.0105757434444,0.00858609417403,0.00858609417403,0.978385037518,0.982534706673,0.982534706673,0.989074440985,0.991190422408,0.991190422408,0.00176214899983
1120,0.0105757434444,0.00858609417403,0.00858609417403,0.978385037518,0.982534706673,0.982534706673,0.989074440985,0.991190422408,0.991190422408,0.00177856399981
1130,0.0105757434444,0.00858609417403,0.00858609417403,0.978385037518,0.982534706673,0.982534706673,0.989074440985,0.991190422408,0.991190422408,0.00179823799982
1140,0.0105757434444,0.00858609417403,0.00858609417403,0.978385037518,0.982534706673,0.982534706673,0.989074440985,0.991190422408,0.991190422408,0.00181391299981
1150,0.0105757434444,0.00858609417403,0.00858609417403,0.978385037518,0.982534706673,0.982534706673,0.989074440985,0.991190422408,0.991190422408,0.00182413799982
1160,0.0105757434444,0.00858609417403,0.00858609417403,0.978385037518,0.982534706673,0.982534706673,0.989074440985,0.991190422408,0.991190422408,0.00183497199984
1170,0.0105757434444,0.00858609417403,0.00858609417403,0.978385037518,0.982534706673,0.982534706673,0.989074440985,0.991190422408,0.991190422408,0.00185052199978
1180,0.0105757434444,0.00858609417403,0.00858609417403,0.978385037518,0.982534706673,0.982534706673,0.989074440985,0.991190422408,0.991190422408,0.00186660699978
1190,0.0105757434444,0.00858609417403,0.00858609417403,0.978385037518,0.982534706673,0.982534706673,0.989074440985,0.991190422408,0.991190422408,0.00187741099978
1200,0.0105757434444,0.00858609417403,0.00858609417403,0.978385037518,0.982534706673,0.982534706673,0.989074440985,0.991190422408,0.991190422408,0.00189162399977
1210,0.0105757434444,0.00858609417403,0.00858609417403,0.978385037518,0.982534706673,0.982534706673,0.989074440985,0.991190422408,0.991190422408,0.00190707399975
1220,0.0105757434444,0.00858609417403,0.00858609417403,0.978385037518,0.982534706673,0.982534706673,0.989074440985,0.991190422408,0.991190422408,0.00192126599975
1230,0.0105757434444,0.00858609417403,0.00858609417403,0.978385037518,0.982534706673,0.982534706673,0.989074440985,0.991190422408,0.991190422408,0.00193569699974
1240,0.0105757434444,0.00858609417403,0.00858609417403,0.978385037518,0.982534706673,0.982534706673,0.989074440985,0.991190422408,0.991190422408,0.00195036099976
1250,0.0105757434444,0.00858609417403,0.00858609417403,0.978385037518,0.982534706673,0.982534706673,0.989074440985,0.991190422408,0.991190422408,0.00196119099976
1260,0.0105757434444,0.00858609417403,0.00858609417403,0.978385037518,0.982534706673,0.982534706673,0.989074440985,0.991190422408,0.991190422408,0.00197604899972
1270,0.0105757434444,0.00858609417403,0.00858609417403,0.978385037518,0.982534706673,0.982534706673,0.989074440985,0.991190422408,0.991190422408,0.00200021099974
1280,0.0105757434444,0.00858609417403,0.00858609417403,0.978385037518,0.982534706673,0.982534706673,0.989074440985,0.991190422408,0.991190422408,0.00201473199968
1290,0.0105757434444,0.00858609417403,0.00858609417403,0.978385037518,0.982534706673,0.982534706673,0.989074440985,0.991190422408,0.991190422408,0.00203096399972
1300,0.0105757434444,0.00858609417403,0.00858609417403,0.978385037518,0.982534706673,0.982534706673,0.989074440985,0.991190422408,0.991190422408,0.00204575699971
1310,0.0105757434444,0.00858609417403,0.00858609417403,0.978385037518,0.982534706673,0.982534706673,0.989074440985,0.991190422408,0.991190422408,0.00206156499968
1320,0.0105757434444,0.00858609417403,0.00858609417403,0.978385037518,0.982534706673,0.982534706673,0.989074440985,0.991190422408,0.991190422408,0.00207163799968
1330,0.0105757434444,0.00858609417403,0.00858609417403,0.978385037518,0.982534706673,0.982534706673,0.989074440985,0.991190422408,0.991190422408,0.00208834899973
1340,0.0105757434444,0.00858609417403,0.00858609417403,0.978385037518,0.982534706673,0.982534706673,0.989074440985,0.991190422408,0.991190422408,0.00209920599974
1350,0.0105757434444,0.00858609417403,0.00858609417403,0.978385037518,0.982534706673,0.982534706673,0.989074440985,0.991190422408,0.991190422408,0.00211559199974
1360,0.0105757434444,0.00858609417403,0.00858609417403,0.978385037518,0.982534706673,0.982534706673,0.989074440985,0.991190422408,0.991190422408,0.00213118299973
1370,0.0105757434444,0.00858609417403,0.00858609417403,0.978385037518,0.982534706673,0.982534706673,0.989074440985,0.991190422408,0.991190422408,0.00214167399974
1380,0.0105757434444,0.00858609417403,0.00858609417403,0.978385037518,0.982534706673,0.982534706673,0.989074440985,0.991190422408,0.991190422408,0.00215160699975
1390,0.0105757434444,0.00858609417403,0.00858609417403,0.978385037518,0.982534706673,0.982534706673,0.989074440985,0.991190422408,0.991190422408,0.00216192299976
1400,0.0105757434444,0.00858609417403,0.00858609417403,0.978385037518,0.982534706673,0.982534706673,0.989074440985,0.991190422408,0.991190422408,0.00217264099979
1410,0.0105757434444,0.00858609417403,0.00858609417403,0.978385037518,0.982534706673,0.982534706673,0.989074440985,0.991190422408,0.991190422408,0.00218692799979
1420,0.0105757434444,0.00858609417403,0.00858609417403,0.978385037518,0.982534706673,0.982534706673,0.989074440985,0.991190422408,0.991190422408,0.00220285899977
1430,0.0105757434444,0.00858609417403,0.00858609417403,0.978385037518,0.982534706673,0.982534706673,0.989074440985,0.991190422408,0.991190422408,0.00221434099976
1440,0.0105757434444,0.00858609417403,0.00858609417403,0.978385037518,0.982534706673,0.982534706673,0.989074440985,0.991190422408,0.991190422408,0.00222874299976
1450,0.0105757434444,0.00858609417403,0.00858609417403,0.978385037518,0.982534706673,0.982534706673,0.989074440985,0.991190422408,0.991190422408,0.00224370799978
1460,0.0105757434444,0.00858609417403,0.00858609417403,0.978385037518,0.982534706673,0.982534706673,0.989074440985,0.991190422408,0.991190422408,0.00225486799974
1470,0.0105757434444,0.00858609417403,0.00858609417403,0.978385037518,0.982534706673,0.982534706673,0.989074440985,0.991190422408,0.991190422408,0.00227045799969
1480,0.0105757434444,0.00858609417403,0.00858609417403,0.978385037518,0.982534706673,0.982534706673,0.989074440985,0.991190422408,0.991190422408,0.00228085799975
1490,0.0105757434444,0.00858609417403,0.00858609417403,0.978385037518,0.982534706673,0.982534706673,0.989074440985,0.991190422408,0.991190422408,0.00229721899976
1500,0.0105757434444,0.00858609417403,0.00858609417403,0.978385037518,0.982534706673,0.982534706673,0.989074440985,0.991190422408,0.991190422408,0.00231379599973
1510,0.0105757434444,0.00858609417403,0.00858609417403,0.978385037518,0.982534706673,0.982534706673,0.989074440985,0.991190422408,0.991190422408,0.00232537199975
1520,0.0105757434444,0.00858609417403,0.00858609417403,0.978385037518,0.982534706673,0.982534706673,0.989074440985,0.991190422408,0.991190422408,0.00234147899974
1530,0.0105757434444,0.00858609417403,0.00858609417403,0.978385037518,0.982534706673,0.982534706673,0.989074440985,0.991190422408,0.991190422408,0.00235254699976
1540,0.0105757434444,0.00858609417403,0.00858609417403,0.978385037518,0.982534706673,0.982534706673,0.989074440985,0.991190422408,0.991190422408,0.00236272699976
1550,0.0105757434444,0.00858609417403,0.00858609417403,0.978385037518,0.982534706673,0.982534706673,0.989074440985,0.991190422408,0.991190422408,0.00237401499973
1560,0.0105757434444,0.00858609417403,0.00858609417403,0.978385037518,0.982534706673,0.982534706673,0.989074440985,0.991190422408,0.991190422408,0.00238911699975
1570,0.0105757434444,0.00858609417403,0.00858609417403,0.978385037518,0.982534706673,0.982534706673,0.989074440985,0.991190422408,0.991190422408,0.00240395099965
1580,0.0105757434444,0.00858609417403,0.00858609417403,0.978385037518,0.982534706673,0.982534706673,0.989074440985,0.991190422408,0.991190422408,0.00242058699962
1590,0.0105757434444,0.00858609417403,0.00858609417403,0.978385037518,0.982534706673,0.982534706673,0.989074440985,0.991190422408,0.991190422408,0.00243462599963
1600,0.0105757434444,0.00858609417403,0.00858609417403,0.978385037518,0.982534706673,0.982534706673,0.989074440985,0.991190422408,0.991190422408,0.00245301799964
1610,0.0105757434444,0.00858609417403,0.00858609417403,0.978385037518,0.982534706673,0.982534706673,0.989074440985,0.991190422408,0.991190422408,0.00246734299967
1620,0.0105757434444,0.00858609417403,0.00858609417403,0.978385037518,0.982534706673,0.982534706673,0.989074440985,0.991190422408,0.991190422408,0.00247791699965
1630,0.0105757434444,0.00858609417403,0.00858609417403,0.978385037518,0.982534706673,0.982534706673,0.989074440985,0.991190422408,0.991190422408,0.00249376499966
1640,0.0105757434444,0.00858609417403,0.00858609417403,0.978385037518,0.982534706673,0.982534706673,0.989074440985,0.991190422408,0.991190422408,0.0025074629996
1650,0.0105757434444,0.00858609417403,0.00858609417403,0.978385037518,0.982534706673,0.982534706673,0.989074440985,0.991190422408,0.991190422408,0.00252206899964
1660,0.0105757434444,0.00858609417403,0.00858609417403,0.978385037518,0.982534706673,0.982534706673,0.989074440985,0.991190422408,0.991190422408,0.00253950799961
1670,0.0105757434444,0.00858609417403,0.00858609417403,0.978385037518,0.982534706673,0.982534706673,0.989074440985,0.991190422408,0.991190422408,0.0025515389996
1680,0.0105757434444,0.00858609417403,0.00858609417403,0.978385037518,0.982534706673,0.982534706673,0.989074440985,0.991190422408,0.991190422408,0.00256281699959
1690,0.0105757434444,0.00858609417403,0.00858609417403,0.978385037518,0.982534706673,0.982534706673,0.989074440985,0.991190422408,0.991190422408,0.00257319799962
1700,0.0105757434444,0.00858609417403,0.00858609417403,0.978385037518,0.982534706673,0.982534706673,0.989074440985,0.991190422408,0.991190422408,0.00258417399962
1710,0.0105757434444,0.00858609417403,0.00858609417403,0.978385037518,0.982534706673,0.982534706673,0.989074440985,0.991190422408,0.991190422408,0.00259481499964
1720,0.0105757434444,0.00858609417403,0.00858609417403,0.978385037518,0.982534706673,0.982534706673,0.989074440985,0.991190422408,0.991190422408,0.00260769999966
1730,0.0105757434444,0.00858609417403,0.00858609417403,0.978385037518,0.982534706673,0.982534706673,0.989074440985,0.991190422408,0.991190422408,0.00261927099959
1740,0.0105757434444,0.00858609417403,0.00858609417403,0.978385037518,0.982534706673,0.982534706673,0.989074440985,0.991190422408,0.991190422408,0.00262929699963
1750,0.0105757434444,0.00858609417403,0.00858609417403,0.978385037518,0.982534706673,0.982534706673,0.989074440985,0.991190422408,0.991190422408,0.00263966699958
1760,0.0105757434444,0.00858609417403,0.00858609417403,0.978385037518,0.982534706673,0.982534706673,0.989074440985,0.991190422408,0.991190422408,0.00265065699958
1770,0.0105757434444,0.00858609417403,0.00858609417403,0.978385037518,0.982534706673,0.982534706673,0.989074440985,0.991190422408,0.991190422408,0.00266945999957
1780,0.0105757434444,0.00858609417403,0.00858609417403,0.978385037518,0.982534706673,0.982534706673,0.989074440985,0.991190422408,0.991190422408,0.00268059399951
1790,0.0105757434444,0.00858609417403,0.00858609417403,0.978385037518,0.982534706673,0.982534706673,0.989074440985,0.991190422408,0.991190422408,0.00269511299953
1800,0.0105757434444,0.00858609417403,0.00858609417403,0.978385037518,0.982534706673,0.982534706673,0.989074440985,0.991190422408,0.991190422408,0.00271120499951
1810,0.0105757434444,0.00858609417403,0.00858609417403,0.978385037518,0.982534706673,0.982534706673,0.989074440985,0.991190422408,0.991190422408,0.00272611299954
1820,0.0105757434444,0.00858609417403,0.00858609417403,0.978385037518,0.982534706673,0.982534706673,0.989074440985,0.991190422408,0.991190422408,0.00274094799957
1830,0.0105757434444,0.00858609417403,0.00858609417403,0.978385037518,0.982534706673,0.982534706673,0.989074440985,0.991190422408,0.991190422408,0.00275689199964
1840,0.0105757434444,0.00858609417403,0.00858609417403,0.978385037518,0.982534706673,0.982534706673,0.989074440985,0.991190422408,0.991190422408,0.00277141399965
1850,0.0105757434444,0.00858609417403,0.00858609417403,0.978385037518,0.982534706673,0.982534706673,0.989074440985,0.991190422408,0.991190422408,0.00278312299966
1860,0.0105757434444,0.00858609417403,0.00858609417403,0.978385037518,0.982534706673,0.982534706673,0.989074440985,0.991190422408,0.991190422408,0.00279361599968
1870,0.0105757434444,0.00858609417403,0.00858609417403,0.978385037518,0.982534706673,0.982534706673,0.989074440985,0.991190422408,0.991190422408,0.00280797999969
1880,0.0105757434444,0.00858609417403,0.00858609417403,0.978385037518,0.982534706673,0.982534706673,0.989074440985,0.991190422408,0.991190422408,0.0028244829997
1890,0.0105757434444,0.00858609417403,0.00858609417403,0.978385037518,0.982534706673,0.982534706673,0.989074440985,0.991190422408,0.991190422408,0.00283972799971
1900,0.0105757434444,0.00858609417403,0.00858609417403,0.978385037518,0.982534706673,0.982534706673,0.989074440985,0.991190422408,0.991190422408,0.00285505699966
1910,0.0105757434444,0.00858609417403,0.00858609417403,0.978385037518,0.982534706673,0.982534706673,0.989074440985,0.991190422408,0.991190422408,0.00286897199965
1920,0.0105757434444,0.00858609417403,0.00858609417403,0.978385037518,0.982534706673,0.982534706673,0.989074440985,0.991190422408,0.991190422408,0.00288394599968
1930,0.0105757434444,0.00858609417403,0.00858609417403,0.978385037518,0.982534706673,0.982534706673,0.989074440985,0.991190422408,0.991190422408,0.00289394599969
1940,0.0105757434444,0.00858609417403,0.00858609417403,0.978385037518,0.982534706673,0.982534706673,0.989074440985,0.991190422408,0.991190422408,0.00290430799964
1950,0.0105757434444,0.00858609417403,0.00858609417403,0.978385037518,0.982534706673,0.982534706673,0.989074440985,0.991190422408,0.991190422408,0.00292075599967
1960,0.0105757434444,0.00858609417403,0.00858609417403,0.978385037518,0.982534706673,0.982534706673,0.989074440985,0.991190422408,0.991190422408,0.00293041899968
1970,0.0105757434444,0.00858609417403,0.00858609417403,0.978385037518,0.982534706673,0.982534706673,0.989074440985,0.991190422408,0.991190422408,0.00294720799971
1980,0.0105757434444,0.00858609417403,0.00858609417403,0.978385037518,0.982534706673,0.982534706673,0.989074440985,0.991190422408,0.991190422408,0.00295782799972
1990,0.0105757434444,0.00858609417403,0.00858609417403,0.978385037518,0.982534706673,0.982534706673,0.989074440985,0.991190422408,0.991190422408,0.00296852699967
2000,0.0105757434444,0.00858609417403,0.00858609417403,0.978385037518,0.982534706673,0.982534706673,0.989074440985,0.991190422408,0.991190422408,0.0029788489997
2010,0.0105757434444,0.00858609417403,0.00858609417403,0.978385037518,0.982534706673,0.982534706673,0.989074440985,0.991190422408,0.991190422408,0.00299068399971
2020,0.0105757434444,0.00858609417403,0.00858609417403,0.978385037518,0.982534706673,0.982534706673,0.989074440985,0.991190422408,0.991190422408,0.00300175899972
2030,0.0105757434444,0.00858609417403,0.00858609417403,0.978385037518,0.982534706673,0.982534706673,0.989074440985,0.991190422408,0.991190422408,0.00301778899967
2040,0.0105757434444,0.00858609417403,0.00858609417403,0.978385037518,0.982534706673,0.982534706673,0.989074440985,0.991190422408,0.991190422408,0.00302818599968
2050,0.0105757434444,0.00858609417403,0.00858609417403,0.978385037518,0.982534706673,0.982534706673,0.989074440985,0.991190422408,0.991190422408,0.00303779699968
2060,0.0105757434444,0.00858609417403,0.00858609417403,0.978385037518,0.982534706673,0.982534706673,0.989074440985,0.991190422408,0.991190422408,0.00305314999963
2070,0.0105757434444,0.00858609417403,0.00858609417403,0.978385037518,0.982534706673,0.982534706673,0.989074440985,0.991190422408,0.991190422408,0.00306888299966
2080,0.0105757434444,0.00858609417403,0.00858609417403,0.978385037518,0.982534706673,0.982534706673,0.989074440985,0.991190422408,0.991190422408,0.0030783159996
2090,0.0105757434444,0.00858609417403,0.00858609417403,0.978385037518,0.982534706673,0.982534706673,0.989074440985,0.991190422408,0.991190422408,0.00309071299952
2100,0.0105757434444,0.00858609417403,0.00858609417403,0.978385037518,0.982534706673,0.982534706673,0.989074440985,0.991190422408,0.991190422408,0.00310589099959
2110,0.0105757434444,0.00858609417403,0.00858609417403,0.978385037518,0.982534706673,0.982534706673,0.989074440985,0.991190422408,0.991190422408,0.00312132299965
2120,0.0105757434444,0.00858609417403,0.00858609417403,0.978385037518,0.982534706673,0.982534706673,0.989074440985,0.991190422408,0.991190422408,0.00313524399959
2130,0.0105757434444,0.00858609417403,0.00858609417403,0.978385037518,0.982534706673,0.982534706673,0.989074440985,0.991190422408,0.991190422408,0.00315073599964
2140,0.0105757434444,0.00858609417403,0.00858609417403,0.978385037518,0.982534706673,0.982534706673,0.989074440985,0.991190422408,0.991190422408,0.00316165899969
2150,0.0105757434444,0.00858609417403,0.00858609417403,0.978385037518,0.982534706673,0.982534706673,0.989074440985,0.991190422408,0.991190422408,0.00317813899969
2160,0.0105757434444,0.00858609417403,0.00858609417403,0.978385037518,0.982534706673,0.982534706673,0.989074440985,0.991190422408,0.991190422408,0.00318918299959
2170,0.0105757434444,0.00858609417403,0.00858609417403,0.978385037518,0.982534706673,0.982534706673,0.989074440985,0.991190422408,0.991190422408,0.0031996299995
2180,0.0105757434444,0.00858609417403,0.00858609417403,0.978385037518,0.982534706673,0.982534706673,0.989074440985,0.991190422408,0.991190422408,0.00321459599942
2190,0.0105757434444,0.00858609417403,0.00858609417403,0.978385037518,0.982534706673,0.982534706673,0.989074440985,0.991190422408,0.991190422408,0.00322764099954
2200,0.0105757434444,0.00858609417403,0.00858609417403,0.978385037518,0.982534706673,0.982534706673,0.989074440985,0.991190422408,0.991190422408,0.00324153899956
2210,0.0105757434444,0.00858609417403,0.00858609417403,0.978385037518,0.982534706673,0.982534706673,0.989074440985,0.991190422408,0.991190422408,0.00329264199954
2220,0.0105757434444,0.00858609417403,0.00858609417403,0.978385037518,0.982534706673,0.982534706673,0.989074440985,0.991190422408,0.991190422408,0.00330291099957
2230,0.0105757434444,0.00858609417403,0.00858609417403,0.978385037518,0.982534706673,0.982534706673,0.989074440985,0.991190422408,0.991190422408,0.0033169969997
2240,0.0105757434444,0.00858609417403,0.00858609417403,0.978385037518,0.982534706673,0.982534706673,0.989074440985,0.991190422408,0.991190422408,0.00334045299977
2250,0.0105757434444,0.00858609417403,0.00858609417403,0.978385037518,0.982534706673,0.982534706673,0.989074440985,0.991190422408,0.991190422408,0.00335110399973
2260,0.0105757434444,0.00858609417403,0.00858609417403,0.978385037518,0.982534706673,0.982534706673,0.989074440985,0.991190422408,0.991190422408,0.00336618199961
2270,0.0105757434444,0.00858609417403,0.00858609417403,0.978385037518,0.982534706673,0.982534706673,0.989074440985,0.991190422408,0.991190422408,0.00338145599963
2280,0.0105757434444,0.00858609417403,0.00858609417403,0.978385037518,0.982534706673,0.982534706673,0.989074440985,0.991190422408,0.991190422408,0.0033926119996
2290,0.0105757434444,0.00858609417403,0.00858609417403,0.978385037518,0.982534706673,0.982534706673,0.989074440985,0.991190422408,0.991190422408,0.00362020299966
2300,0.0105757434444,0.00858609417403,0.00858609417403,0.978385037518,0.982534706673,0.982534706673,0.989074440985,0.991190422408,0.991190422408,0.00363102799966
2310,0.0105757434444,0.00858609417403,0.00858609417403,0.978385037518,0.982534706673,0.982534706673,0.989074440985,0.991190422408,0.991190422408,0.00364537299973
2320,0.0105757434444,0.00858609417403,0.00858609417403,0.978385037518,0.982534706673,0.982534706673,0.989074440985,0.991190422408,0.991190422408,0.00366141699973
2330,0.0105757434444,0.00858609417403,0.00858609417403,0.978385037518,0.982534706673,0.982534706673,0.989074440985,0.991190422408,0.991190422408,0.00367197599965
2340,0.0105757434444,0.00858609417403,0.00858609417403,0.978385037518,0.982534706673,0.982534706673,0.989074440985,0.991190422408,0.991190422408,0.00368279399962
2350,0.0105757434444,0.00858609417403,0.00858609417403,0.978385037518,0.982534706673,0.982534706673,0.989074440985,0.991190422408,0.991190422408,0.0036972019997
2360,0.0105757434444,0.00858609417403,0.00858609417403,0.978385037518,0.982534706673,0.982534706673,0.989074440985,0.991190422408,0.991190422408,0.00370799399977
2370,0.0105757434444,0.00858609417403,0.00858609417403,0.978385037518,0.982534706673,0.982534706673,0.989074440985,0.991190422408,0.991190422408,0.00372145799972
2380,0.0105757434444,0.00858609417403,0.00858609417403,0.978385037518,0.982534706673,0.982534706673,0.989074440985,0.991190422408,0.991190422408,0.00374033899979
2390,0.0105757434444,0.00858609417403,0.00858609417403,0.978385037518,0.982534706673,0.982534706673,0.989074440985,0.991190422408,0.991190422408,0.00375509399979
2400,0.0105757434444,0.00858609417403,0.00858609417403,0.978385037518,0.982534706673,0.982534706673,0.989074440985,0.991190422408,0.991190422408,0.00379334899984
2410,0.0105757434444,0.00858609417403,0.00858609417403,0.978385037518,0.982534706673,0.982534706673,0.989074440985,0.991190422408,0.991190422408,0.00380314899988
2420,0.0105757434444,0.00858609417403,0.00858609417403,0.978385037518,0.982534706673,0.982534706673,0.989074440985,0.991190422408,0.991190422408,0.0038178519998
2430,0.0105757434444,0.00858609417403,0.00858609417403,0.978385037518,0.982534706673,0.982534706673,0.989074440985,0.991190422408,0.991190422408,0.0038274459998
2440,0.0105757434444,0.00858609417403,0.00858609417403,0.978385037518,0.982534706673,0.982534706673,0.989074440985,0.991190422408,0.991190422408,0.00383842499983
2450,0.0105757434444,0.00858609417403,0.00858609417403,0.978385037518,0.982534706673,0.982534706673,0.989074440985,0.991190422408,0.991190422408,0.0038477209998
2460,0.0105757434444,0.00858609417403,0.00858609417403,0.978385037518,0.982534706673,0.982534706673,0.989074440985,0.991190422408,0.991190422408,0.00385775699974
2470,0.0105757434444,0.00858609417403,0.00858609417403,0.978385037518,0.982534706673,0.982534706673,0.989074440985,0.991190422408,0.991190422408,0.00387347699976
2480,0.0105757434444,0.00858609417403,0.00858609417403,0.978385037518,0.982534706673,0.982534706673,0.989074440985,0.991190422408,0.991190422408,0.00388794099976
2490,0.0105757434444,0.00858609417403,0.00858609417403,0.978385037518,0.982534706673,0.982534706673,0.989074440985,0.991190422408,0.991190422408,0.00390322099983
2500,0.0105757434444,0.00858609417403,0.00858609417403,0.978385037518,0.982534706673,0.982534706673,0.989074440985,0.991190422408,0.991190422408,0.00392184199987
2510,0.0105757434444,0.00858609417403,0.00858609417403,0.978385037518,0.982534706673,0.982534706673,0.989074440985,0.991190422408,0.991190422408,0.0039370919998
2520,0.0105757434444,0.00858609417403,0.00858609417403,0.978385037518,0.982534706673,0.982534706673,0.989074440985,0.991190422408,0.991190422408,0.00395309699988
2530,0.0105757434444,0.00858609417403,0.00858609417403,0.978385037518,0.982534706673,0.982534706673,0.989074440985,0.991190422408,0.991190422408,0.0039689299999
2540,0.0105757434444,0.00858609417403,0.00858609417403,0.978385037518,0.982534706673,0.982534706673,0.989074440985,0.991190422408,0.991190422408,0.00398461699987
2550,0.0105757434444,0.00858609417403,0.00858609417403,0.978385037518,0.982534706673,0.982534706673,0.989074440985,0.991190422408,0.991190422408,0.00399386199987
2560,0.0105757434444,0.00858609417403,0.00858609417403,0.978385037518,0.982534706673,0.982534706673,0.989074440985,0.991190422408,0.991190422408,0.00400933199987
2570,0.0105757434444,0.00858609417403,0.00858609417403,0.978385037518,0.982534706673,0.982534706673,0.989074440985,0.991190422408,0.991190422408,0.0040241469998
2580,0.0105757434444,0.00858609417403,0.00858609417403,0.978385037518,0.982534706673,0.982534706673,0.989074440985,0.991190422408,0.991190422408,0.00403845499969
2590,0.0105757434444,0.00858609417403,0.00858609417403,0.978385037518,0.982534706673,0.982534706673,0.989074440985,0.991190422408,0.991190422408,0.00404997699965
2600,0.0105757434444,0.00858609417403,0.00858609417403,0.978385037518,0.982534706673,0.982534706673,0.989074440985,0.991190422408,0.991190422408,0.0040655749996
2610,0.0105757434444,0.00858609417403,0.00858609417403,0.978385037518,0.982534706673,0.982534706673,0.989074440985,0.991190422408,0.991190422408,0.00407866099968
2620,0.0105757434444,0.00858609417403,0.00858609417403,0.978385037518,0.982534706673,0.982534706673,0.989074440985,0.991190422408,0.991190422408,0.00409461399957
2630,0.0105757434444,0.00858609417403,0.00858609417403,0.978385037518,0.982534706673,0.982534706673,0.989074440985,0.991190422408,0.991190422408,0.00410982199955
2640,0.0105757434444,0.00858609417403,0.00858609417403,0.978385037518,0.982534706673,0.982534706673,0.989074440985,0.991190422408,0.991190422408,0.00412572799942
2650,0.0105757434444,0.00858609417403,0.00858609417403,0.978385037518,0.982534706673,0.982534706673,0.989074440985,0.991190422408,0.991190422408,0.00413640099944
2660,0.0105757434444,0.00858609417403,0.00858609417403,0.978385037518,0.982534706673,0.982534706673,0.989074440985,0.991190422408,0.991190422408,0.00415387799941
2670,0.0105757434444,0.00858609417403,0.00858609417403,0.978385037518,0.982534706673,0.982534706673,0.989074440985,0.991190422408,0.991190422408,0.00419198699942
2680,0.0105757434444,0.00858609417403,0.00858609417403,0.978385037518,0.982534706673,0.982534706673,0.989074440985,0.991190422408,0.991190422408,0.00420687199957
2690,0.0105757434444,0.00858609417403,0.00858609417403,0.978385037518,0.982534706673,0.982534706673,0.989074440985,0.991190422408,0.991190422408,0.00422484999953
2700,0.0105757434444,0.00858609417403,0.00858609417403,0.978385037518,0.982534706673,0.982534706673,0.989074440985,0.991190422408,0.991190422408,0.00424054999942
2710,0.0105757434444,0.00858609417403,0.00858609417403,0.978385037518,0.982534706673,0.982534706673,0.989074440985,0.991190422408,0.991190422408,0.00425145399939
2720,0.0105757434444,0.00858609417403,0.00858609417403,0.978385037518,0.982534706673,0.982534706673,0.989074440985,0.991190422408,0.991190422408,0.00426670599936
2730,0.0105757434444,0.00858609417403,0.00858609417403,0.978385037518,0.982534706673,0.982534706673,0.989074440985,0.991190422408,0.991190422408,0.00428347199946
2740,0.0105757434444,0.00858609417403,0.00858609417403,0.978385037518,0.982534706673,0.982534706673,0.989074440985,0.991190422408,0.991190422408,0.00429890099954
2750,0.0105757434444,0.00858609417403,0.00858609417403,0.978385037518,0.982534706673,0.982534706673,0.989074440985,0.991190422408,0.991190422408,0.00431369999959
2760,0.0105757434444,0.00858609417403,0.00858609417403,0.978385037518,0.982534706673,0.982534706673,0.989074440985,0.991190422408,0.991190422408,0.00432417999971
2770,0.0105757434444,0.00858609417403,0.00858609417403,0.978385037518,0.982534706673,0.982534706673,0.989074440985,0.991190422408,0.991190422408,0.00433514499966
2780,0.0105757434444,0.00858609417403,0.00858609417403,0.978385037518,0.982534706673,0.982534706673,0.989074440985,0.991190422408,0.991190422408,0.00434618199958
2790,0.0105757434444,0.00858609417403,0.00858609417403,0.978385037518,0.982534706673,0.982534706673,0.989074440985,0.991190422408,0.991190422408,0.00436166999961
2800,0.0105757434444,0.00858609417403,0.00858609417403,0.978385037518,0.982534706673,0.982534706673,0.989074440985,0.991190422408,0.991190422408,0.0043725889997
2810,0.0105757434444,0.00858609417403,0.00858609417403,0.978385037518,0.982534706673,0.982534706673,0.989074440985,0.991190422408,0.991190422408,0.0043816779997
2820,0.0105757434444,0.00858609417403,0.00858609417403,0.978385037518,0.982534706673,0.982534706673,0.989074440985,0.991190422408,0.991190422408,0.00439571499967
2830,0.0105757434444,0.00858609417403,0.00858609417403,0.978385037518,0.982534706673,0.982534706673,0.989074440985,0.991190422408,0.991190422408,0.00440539599978
2840,0.0105757434444,0.00858609417403,0.00858609417403,0.978385037518,0.982534706673,0.982534706673,0.989074440985,0.991190422408,0.991190422408,0.0044177069997
2850,0.0105757434444,0.00858609417403,0.00858609417403,0.978385037518,0.982534706673,0.982534706673,0.989074440985,0.991190422408,0.991190422408,0.00443327299965
2860,0.0105757434444,0.00858609417403,0.00858609417403,0.978385037518,0.982534706673,0.982534706673,0.989074440985,0.991190422408,0.991190422408,0.00444963699968
2870,0.0105757434444,0.00858609417403,0.00858609417403,0.978385037518,0.982534706673,0.982534706673,0.989074440985,0.991190422408,0.991190422408,0.00446030999976
2880,0.0105757434444,0.00858609417403,0.00858609417403,0.978385037518,0.982534706673,0.982534706673,0.989074440985,0.991190422408,0.991190422408,0.00447660499972
2890,0.0105757434444,0.00858609417403,0.00858609417403,0.978385037518,0.982534706673,0.982534706673,0.989074440985,0.991190422408,0.991190422408,0.0044926579998
2900,0.0105757434444,0.00858609417403,0.00858609417403,0.978385037518,0.982534706673,0.982534706673,0.989074440985,0.991190422408,0.991190422408,0.0045084069998
2910,0.0105757434444,0.00858609417403,0.00858609417403,0.978385037518,0.982534706673,0.982534706673,0.989074440985,0.991190422408,0.991190422408,0.00451852599983
2920,0.0105757434444,0.00858609417403,0.00858609417403,0.978385037518,0.982534706673,0.982534706673,0.989074440985,0.991190422408,0.991190422408,0.00452908499958
2930,0.0105757434444,0.00858609417403,0.00858609417403,0.978385037518,0.982534706673,0.982534706673,0.989074440985,0.991190422408,0.991190422408,0.00453950899961
2940,0.0105757434444,0.00858609417403,0.00858609417403,0.978385037518,0.982534706673,0.982534706673,0.989074440985,0.991190422408,0.991190422408,0.00455082499965
2950,0.0105757434444,0.00858609417403,0.00858609417403,0.978385037518,0.982534706673,0.982534706673,0.989074440985,0.991190422408,0.991190422408,0.00456038199954
2960,0.0105757434444,0.00858609417403,0.00858609417403,0.978385037518,0.982534706673,0.982534706673,0.989074440985,0.991190422408,0.991190422408,0.00457604199951
2970,0.0105757434444,0.00858609417403,0.00858609417403,0.978385037518,0.982534706673,0.982534706673,0.989074440985,0.991190422408,0.991190422408,0.00459151399954
2980,0.0105757434444,0.00858609417403,0.00858609417403,0.978385037518,0.982534706673,0.982534706673,0.989074440985,0.991190422408,0.991190422408,0.00460735699957
2990,0.0105757434444,0.00858609417403,0.00858609417403,0.978385037518,0.982534706673,0.982534706673,0.989074440985,0.991190422408,0.991190422408,0.00461867399966
3000,0.0105757434444,0.00858609417403,0.00858609417403,0.978385037518,0.982534706673,0.982534706673,0.989074440985,0.991190422408,0.991190422408,0.0046341379996
3010,0.0105757434444,0.00858609417403,0.00858609417403,0.978385037518,0.982534706673,0.982534706673,0.989074440985,0.991190422408,0.991190422408,0.00464460999964
3020,0.0105757434444,0.00858609417403,0.00858609417403,0.978385037518,0.982534706673,0.982534706673,0.989074440985,0.991190422408,0.991190422408,0.00465916499954
3030,0.0105757434444,0.00858609417403,0.00858609417403,0.978385037518,0.982534706673,0.982534706673,0.989074440985,0.991190422408,0.991190422408,0.00468118099943
3040,0.0105757434444,0.00858609417403,0.00858609417403,0.978385037518,0.982534706673,0.982534706673,0.989074440985,0.991190422408,0.991190422408,0.00469796199937
3050,0.0105757434444,0.00858609417403,0.00858609417403,0.978385037518,0.982534706673,0.982534706673,0.989074440985,0.991190422408,0.991190422408,0.00471484499937
3060,0.0105757434444,0.00858609417403,0.00858609417403,0.978385037518,0.982534706673,0.982534706673,0.989074440985,0.991190422408,0.991190422408,0.00472635499946
3070,0.0105757434444,0.00858609417403,0.00858609417403,0.978385037518,0.982534706673,0.982534706673,0.989074440985,0.991190422408,0.991190422408,0.0047411439995
3080,0.0105757434444,0.00858609417403,0.00858609417403,0.978385037518,0.982534706673,0.982534706673,0.989074440985,0.991190422408,0.991190422408,0.00475116299938
3090,0.0105757434444,0.00858609417403,0.00858609417403,0.978385037518,0.982534706673,0.982534706673,0.989074440985,0.991190422408,0.991190422408,0.00476115699936
3100,0.0105757434444,0.00858609417403,0.00858609417403,0.978385037518,0.982534706673,0.982534706673,0.989074440985,0.991190422408,0.991190422408,0.00477753399949
3110,0.0105757434444,0.00858609417403,0.00858609417403,0.978385037518,0.982534706673,0.982534706673,0.989074440985,0.991190422408,0.991190422408,0.00478963699956
3120,0.0105757434444,0.00858609417403,0.00858609417403,0.978385037518,0.982534706673,0.982534706673,0.989074440985,0.991190422408,0.991190422408,0.00480519399949
3130,0.0105757434444,0.00858609417403,0.00858609417403,0.978385037518,0.982534706673,0.982534706673,0.989074440985,0.991190422408,0.991190422408,0.00482222999946
3140,0.0105757434444,0.00858609417403,0.00858609417403,0.978385037518,0.982534706673,0.982534706673,0.989074440985,0.991190422408,0.991190422408,0.00483247499935
3150,0.0105757434444,0.00858609417403,0.00858609417403,0.978385037518,0.982534706673,0.982534706673,0.989074440985,0.991190422408,0.991190422408,0.00484849999933
3160,0.0105757434444,0.00858609417403,0.00858609417403,0.978385037518,0.982534706673,0.982534706673,0.989074440985,0.991190422408,0.991190422408,0.00485927799937
3170,0.0105757434444,0.00858609417403,0.00858609417403,0.978385037518,0.982534706673,0.982534706673,0.989074440985,0.991190422408,0.991190422408,0.00487512499942
3180,0.0105757434444,0.00858609417403,0.00858609417403,0.978385037518,0.982534706673,0.982534706673,0.989074440985,0.991190422408,0.991190422408,0.00489148799934
3190,0.0105757434444,0.00858609417403,0.00858609417403,0.978385037518,0.982534706673,0.982534706673,0.989074440985,0.991190422408,0.991190422408,0.00490796199929
3200,0.0105757434444,0.00858609417403,0.00858609417403,0.978385037518,0.982534706673,0.982534706673,0.989074440985,0.991190422408,0.991190422408,0.00492266399922
3210,0.0105757434444,0.00858609417403,0.00858609417403,0.978385037518,0.982534706673,0.982534706673,0.989074440985,0.991190422408,0.991190422408,0.00493318399921
3220,0.0105757434444,0.00858609417403,0.00858609417403,0.978385037518,0.982534706673,0.982534706673,0.989074440985,0.991190422408,0.991190422408,0.00494879099918
3230,0.0105757434444,0.00858609417403,0.00858609417403,0.978385037518,0.982534706673,0.982534706673,0.989074440985,0.991190422408,0.991190422408,0.00496313899916
3240,0.0105757434444,0.00858609417403,0.00858609417403,0.978385037518,0.982534706673,0.982534706673,0.989074440985,0.991190422408,0.991190422408,0.00497913399917
3250,0.0105757434444,0.00858609417403,0.00858609417403,0.978385037518,0.982534706673,0.982534706673,0.989074440985,0.991190422408,0.991190422408,0.00499559999926
3260,0.0105757434444,0.00858609417403,0.00858609417403,0.978385037518,0.982534706673,0.982534706673,0.989074440985,0.991190422408,0.991190422408,0.00500603199916
3270,0.0105757434444,0.00858609417403,0.00858609417403,0.978385037518,0.982534706673,0.982534706673,0.989074440985,0.991190422408,0.991190422408,0.00502120899924
3280,0.0105757434444,0.00858609417403,0.00858609417403,0.978385037518,0.982534706673,0.982534706673,0.989074440985,0.991190422408,0.991190422408,0.00503626299908
3290,0.0105757434444,0.00858609417403,0.00858609417403,0.978385037518,0.982534706673,0.982534706673,0.989074440985,0.991190422408,0.991190422408,0.00504691899894
3300,0.0105757434444,0.00858609417403,0.00858609417403,0.978385037518,0.982534706673,0.982534706673,0.989074440985,0.991190422408,0.991190422408,0.00505779199889
3310,0.0105757434444,0.00858609417403,0.00858609417403,0.978385037518,0.982534706673,0.982534706673,0.989074440985,0.991190422408,0.991190422408,0.00507217799887
3320,0.0105757434444,0.00858609417403,0.00858609417403,0.978385037518,0.982534706673,0.982534706673,0.989074440985,0.991190422408,0.991190422408,0.00508617599885
3330,0.0105757434444,0.00858609417403,0.00858609417403,0.978385037518,0.982534706673,0.982534706673,0.989074440985,0.991190422408,0.991190422408,0.00509669299882
3340,0.0105757434444,0.00858609417403,0.00858609417403,0.978385037518,0.982534706673,0.982534706673,0.989074440985,0.991190422408,0.991190422408,0.00510766399887
3350,0.0105757434444,0.00858609417403,0.00858609417403,0.978385037518,0.982534706673,0.982534706673,0.989074440985,0.991190422408,0.991190422408,0.00512516399883
3360,0.0105757434444,0.00858609417403,0.00858609417403,0.978385037518,0.982534706673,0.982534706673,0.989074440985,0.991190422408,0.991190422408,0.00513458299881
3370,0.0105757434444,0.00858609417403,0.00858609417403,0.978385037518,0.982534706673,0.982534706673,0.989074440985,0.991190422408,0.991190422408,0.0051639579988
3380,0.0105757434444,0.00858609417403,0.00858609417403,0.978385037518,0.982534706673,0.982534706673,0.989074440985,0.991190422408,0.991190422408,0.00517495099879
3390,0.0105757434444,0.00858609417403,0.00858609417403,0.978385037518,0.982534706673,0.982534706673,0.989074440985,0.991190422408,0.991190422408,0.00518965399888
3400,0.0105757434444,0.00858609417403,0.00858609417403,0.978385037518,0.982534706673,0.982534706673,0.989074440985,0.991190422408,0.991190422408,0.00520543599893
3410,0.0105757434444,0.00858609417403,0.00858609417403,0.978385037518,0.982534706673,0.982534706673,0.989074440985,0.991190422408,0.991190422408,0.00522178899891
3420,0.0105757434444,0.00858609417403,0.00858609417403,0.978385037518,0.982534706673,0.982534706673,0.989074440985,0.991190422408,0.991190422408,0.00523605099889
3430,0.0105757434444,0.00858609417403,0.00858609417403,0.978385037518,0.982534706673,0.982534706673,0.989074440985,0.991190422408,0.991190422408,0.00524654099885
3440,0.0105757434444,0.00858609417403,0.00858609417403,0.978385037518,0.982534706673,0.982534706673,0.989074440985,0.991190422408,0.991190422408,0.00526190699898
3450,0.0105757434444,0.00858609417403,0.00858609417403,0.978385037518,0.982534706673,0.982534706673,0.989074440985,0.991190422408,0.991190422408,0.00527664299906
3460,0.0105757434444,0.00858609417403,0.00858609417403,0.978385037518,0.982534706673,0.982534706673,0.989074440985,0.991190422408,0.991190422408,0.00528834899913
3470,0.0105757434444,0.00858609417403,0.00858609417403,0.978385037518,0.982534706673,0.982534706673,0.989074440985,0.991190422408,0.991190422408,0.00530382599916
3480,0.0105757434444,0.00858609417403,0.00858609417403,0.978385037518,0.982534706673,0.982534706673,0.989074440985,0.991190422408,0.991190422408,0.00531867699917
3490,0.0105757434444,0.00858609417403,0.00858609417403,0.978385037518,0.982534706673,0.982534706673,0.989074440985,0.991190422408,0.991190422408,0.00533354999928
3500,0.0105757434444,0.00858609417403,0.00858609417403,0.978385037518,0.982534706673,0.982534706673,0.989074440985,0.991190422408,0.991190422408,0.00534858999927
3510,0.0105757434444,0.00858609417403,0.00858609417403,0.978385037518,0.982534706673,0.982534706673,0.989074440985,0.991190422408,0.991190422408,0.00536375499925
3520,0.0105757434444,0.00858609417403,0.00858609417403,0.978385037518,0.982534706673,0.982534706673,0.989074440985,0.991190422408,0.991190422408,0.00537892799926
3530,0.0105757434444,0.00858609417403,0.00858609417403,0.978385037518,0.982534706673,0.982534706673,0.989074440985,0.991190422408,0.991190422408,0.00539577499913
3540,0.0105757434444,0.00858609417403,0.00858609417403,0.978385037518,0.982534706673,0.982534706673,0.989074440985,0.991190422408,0.991190422408,0.00540697999915
3550,0.0105757434444,0.00858609417403,0.00858609417403,0.978385037518,0.982534706673,0.982534706673,0.989074440985,0.991190422408,0.991190422408,0.00542276199914
3560,0.0105757434444,0.00858609417403,0.00858609417403,0.978385037518,0.982534706673,0.982534706673,0.989074440985,0.991190422408,0.991190422408,0.00543845399895
3570,0.0105757434444,0.00858609417403,0.00858609417403,0.978385037518,0.982534706673,0.982534706673,0.989074440985,0.991190422408,0.991190422408,0.00544886399891
3580,0.0105757434444,0.00858609417403,0.00858609417403,0.978385037518,0.982534706673,0.982534706673,0.989074440985,0.991190422408,0.991190422408,0.0054597869989
3590,0.0105757434444,0.00858609417403,0.00858609417403,0.978385037518,0.982534706673,0.982534706673,0.989074440985,0.991190422408,0.991190422408,0.00546970399884
3600,0.0105757434444,0.00858609417403,0.00858609417403,0.978385037518,0.982534706673,0.982534706673,0.989074440985,0.991190422408,0.991190422408,0.00548593399893
3610,0.0105757434444,0.00858609417403,0.00858609417403,0.978385037518,0.982534706673,0.982534706673,0.989074440985,0.991190422408,0.991190422408,0.00550248899887
3620,0.0105757434444,0.00858609417403,0.00858609417403,0.978385037518,0.982534706673,0.982534706673,0.989074440985,0.991190422408,0.991190422408,0.00551283199891
3630,0.0105757434444,0.00858609417403,0.00858609417403,0.978385037518,0.982534706673,0.982534706673,0.989074440985,0.991190422408,0.991190422408,0.00552478199884
3640,0.0105757434444,0.00858609417403,0.00858609417403,0.978385037518,0.982534706673,0.982534706673,0.989074440985,0.991190422408,0.991190422408,0.0055552319989
3650,0.0105757434444,0.00858609417403,0.00858609417403,0.978385037518,0.982534706673,0.982534706673,0.989074440985,0.991190422408,0.991190422408,0.00556612699901
3660,0.0105757434444,0.00858609417403,0.00858609417403,0.978385037518,0.982534706673,0.982534706673,0.989074440985,0.991190422408,0.991190422408,0.00558174499909
3670,0.0105757434444,0.00858609417403,0.00858609417403,0.978385037518,0.982534706673,0.982534706673,0.989074440985,0.991190422408,0.991190422408,0.00559678399904
3680,0.0105757434444,0.00858609417403,0.00858609417403,0.978385037518,0.982534706673,0.982534706673,0.989074440985,0.991190422408,0.991190422408,0.00560790399894
3690,0.0105757434444,0.00858609417403,0.00858609417403,0.978385037518,0.982534706673,0.982534706673,0.989074440985,0.991190422408,0.991190422408,0.005618518999
3700,0.0105757434444,0.00858609417403,0.00858609417403,0.978385037518,0.982534706673,0.982534706673,0.989074440985,0.991190422408,0.991190422408,0.00562956399907
3710,0.0105757434444,0.00858609417403,0.00858609417403,0.978385037518,0.982534706673,0.982534706673,0.989074440985,0.991190422408,0.991190422408,0.00564083699911
3720,0.0105757434444,0.00858609417403,0.00858609417403,0.978385037518,0.982534706673,0.982534706673,0.989074440985,0.991190422408,0.991190422408,0.00565835599909
3730,0.0105757434444,0.00858609417403,0.00858609417403,0.978385037518,0.982534706673,0.982534706673,0.989074440985,0.991190422408,0.991190422408,0.00566896799907
3740,0.0105757434444,0.00858609417403,0.00858609417403,0.978385037518,0.982534706673,0.982534706673,0.989074440985,0.991190422408,0.991190422408,0.00567878999911
3750,0.0105757434444,0.00858609417403,0.00858609417403,0.978385037518,0.982534706673,0.982534706673,0.989074440985,0.991190422408,0.991190422408,0.00568990499912
3760,0.0105757434444,0.00858609417403,0.00858609417403,0.978385037518,0.982534706673,0.982534706673,0.989074440985,0.991190422408,0.991190422408,0.00570467899919
3770,0.0105757434444,0.00858609417403,0.00858609417403,0.978385037518,0.982534706673,0.982534706673,0.989074440985,0.991190422408,0.991190422408,0.00572762199917
3780,0.0105757434444,0.00858609417403,0.00858609417403,0.978385037518,0.982534706673,0.982534706673,0.989074440985,0.991190422408,0.991190422408,0.0057435169991
3790,0.0105757434444,0.00858609417403,0.00858609417403,0.978385037518,0.982534706673,0.982534706673,0.989074440985,0.991190422408,0.991190422408,0.00575338399912
3800,0.0105757434444,0.00858609417403,0.00858609417403,0.978385037518,0.982534706673,0.982534706673,0.989074440985,0.991190422408,0.991190422408,0.00576469399911
3810,0.0105757434444,0.00858609417403,0.00858609417403,0.978385037518,0.982534706673,0.982534706673,0.989074440985,0.991190422408,0.991190422408,0.00577545699909
3820,0.0105757434444,0.00858609417403,0.00858609417403,0.978385037518,0.982534706673,0.982534706673,0.989074440985,0.991190422408,0.991190422408,0.00578544599912
3830,0.0105757434444,0.00858609417403,0.00858609417403,0.978385037518,0.982534706673,0.982534706673,0.989074440985,0.991190422408,0.991190422408,0.00579662399909
3840,0.0105757434444,0.00858609417403,0.00858609417403,0.978385037518,0.982534706673,0.982534706673,0.989074440985,0.991190422408,0.991190422408,0.00581262499898
3850,0.0105757434444,0.00858609417403,0.00858609417403,0.978385037518,0.982534706673,0.982534706673,0.989074440985,0.991190422408,0.991190422408,0.00582396399901
3860,0.0105757434444,0.00858609417403,0.00858609417403,0.978385037518,0.982534706673,0.982534706673,0.989074440985,0.991190422408,0.991190422408,0.00583794999901
3870,0.0105757434444,0.00858609417403,0.00858609417403,0.978385037518,0.982534706673,0.982534706673,0.989074440985,0.991190422408,0.991190422408,0.00584878599918
3880,0.0105757434444,0.00858609417403,0.00858609417403,0.978385037518,0.982534706673,0.982534706673,0.989074440985,0.991190422408,0.991190422408,0.00585939099923
3890,0.0105757434444,0.00858609417403,0.00858609417403,0.978385037518,0.982534706673,0.982534706673,0.989074440985,0.991190422408,0.991190422408,0.00586998999918
3900,0.0105757434444,0.00858609417403,0.00858609417403,0.978385037518,0.982534706673,0.982534706673,0.989074440985,0.991190422408,0.991190422408,0.00588442799923
3910,0.0105757434444,0.00858609417403,0.00858609417403,0.978385037518,0.982534706673,0.982534706673,0.989074440985,0.991190422408,0.991190422408,0.00590481099911
3920,0.0105757434444,0.00858609417403,0.00858609417403,0.978385037518,0.982534706673,0.982534706673,0.989074440985,0.991190422408,0.991190422408,0.00592099299908
3930,0.0105757434444,0.00858609417403,0.00858609417403,0.978385037518,0.982534706673,0.982534706673,0.989074440985,0.991190422408,0.991190422408,0.00593593699907
3940,0.0105757434444,0.00858609417403,0.00858609417403,0.978385037518,0.982534706673,0.982534706673,0.989074440985,0.991190422408,0.991190422408,0.00595358999917
3950,0.0105757434444,0.00858609417403,0.00858609417403,0.978385037518,0.982534706673,0.982534706673,0.989074440985,0.991190422408,0.991190422408,0.00596773199922
3960,0.0105757434444,0.00858609417403,0.00858609417403,0.978385037518,0.982534706673,0.982534706673,0.989074440985,0.991190422408,0.991190422408,0.0059785009993
3970,0.0105757434444,0.00858609417403,0.00858609417403,0.978385037518,0.982534706673,0.982534706673,0.989074440985,0.991190422408,0.991190422408,0.00599480999935
3980,0.0105757434444,0.00858609417403,0.00858609417403,0.978385037518,0.982534706673,0.982534706673,0.989074440985,0.991190422408,0.991190422408,0.00600992699938
3990,0.0105757434444,0.00858609417403,0.00858609417403,0.978385037518,0.982534706673,0.982534706673,0.989074440985,0.991190422408,0.991190422408,0.00602376299943
4000,0.0105757434444,0.00858609417403,0.00858609417403,0.978385037518,0.982534706673,0.982534706673,0.989074440985,0.991190422408,0.991190422408,0.00603825099941
4010,0.0105757434444,0.00858609417403,0.00858609417403,0.978385037518,0.982534706673,0.982534706673,0.989074440985,0.991190422408,0.991190422408,0.0060538489993
4020,0.0105757434444,0.00858609417403,0.00858609417403,0.978385037518,0.982534706673,0.982534706673,0.989074440985,0.991190422408,0.991190422408,0.00606988699937
4030,0.0105757434444,0.00858609417403,0.00858609417403,0.978385037518,0.982534706673,0.982534706673,0.989074440985,0.991190422408,0.991190422408,0.00608019499933
4040,0.0105757434444,0.00858609417403,0.00858609417403,0.978385037518,0.982534706673,0.982534706673,0.989074440985,0.991190422408,0.991190422408,0.00609599899937
4050,0.0105757434444,0.00858609417403,0.00858609417403,0.978385037518,0.982534706673,0.982534706673,0.989074440985,0.991190422408,0.991190422408,0.00611423399928
4060,0.0105757434444,0.00858609417403,0.00858609417403,0.978385037518,0.982534706673,0.982534706673,0.989074440985,0.991190422408,0.991190422408,0.00613045199921
4070,0.0105757434444,0.00858609417403,0.00858609417403,0.978385037518,0.982534706673,0.982534706673,0.989074440985,0.991190422408,0.991190422408,0.0061457879992
4080,0.0105757434444,0.00858609417403,0.00858609417403,0.978385037518,0.982534706673,0.982534706673,0.989074440985,0.991190422408,0.991190422408,0.00615597699917
4090,0.0105757434444,0.00858609417403,0.00858609417403,0.978385037518,0.982534706673,0.982534706673,0.989074440985,0.991190422408,0.991190422408,0.00617012099914
4100,0.0105757434444,0.00858609417403,0.00858609417403,0.978385037518,0.982534706673,0.982534706673,0.989074440985,0.991190422408,0.991190422408,0.00618618299913
4110,0.0105757434444,0.00858609417403,0.00858609417403,0.978385037518,0.982534706673,0.982534706673,0.989074440985,0.991190422408,0.991190422408,0.00620115099909
4120,0.0105757434444,0.00858609417403,0.00858609417403,0.978385037518,0.982534706673,0.982534706673,0.989074440985,0.991190422408,0.991190422408,0.00621635999917
4130,0.0105757434444,0.00858609417403,0.00858609417403,0.978385037518,0.982534706673,0.982534706673,0.989074440985,0.991190422408,0.991190422408,0.00623194299939
4140,0.0105757434444,0.00858609417403,0.00858609417403,0.978385037518,0.982534706673,0.982534706673,0.989074440985,0.991190422408,0.991190422408,0.00624196299933
4150,0.0105757434444,0.00858609417403,0.00858609417403,0.978385037518,0.982534706673,0.982534706673,0.989074440985,0.991190422408,0.991190422408,0.00625795699929
4160,0.0105757434444,0.00858609417403,0.00858609417403,0.978385037518,0.982534706673,0.982534706673,0.989074440985,0.991190422408,0.991190422408,0.00626727899927
4170,0.0105757434444,0.00858609417403,0.00858609417403,0.978385037518,0.982534706673,0.982534706673,0.989074440985,0.991190422408,0.991190422408,0.00628255299918
4180,0.0105757434444,0.00858609417403,0.00858609417403,0.978385037518,0.982534706673,0.982534706673,0.989074440985,0.991190422408,0.991190422408,0.00629979399909
4190,0.0105757434444,0.00858609417403,0.00858609417403,0.978385037518,0.982534706673,0.982534706673,0.989074440985,0.991190422408,0.991190422408,0.00631829299894
4200,0.0105757434444,0.00858609417403,0.00858609417403,0.978385037518,0.982534706673,0.982534706673,0.989074440985,0.991190422408,0.991190422408,0.0063323199989
4210,0.0105757434444,0.00858609417403,0.00858609417403,0.978385037518,0.982534706673,0.982534706673,0.989074440985,0.991190422408,0.991190422408,0.00634725299895
4220,0.0105757434444,0.00858609417403,0.00858609417403,0.978385037518,0.982534706673,0.982534706673,0.989074440985,0.991190422408,0.991190422408,0.00635873499888
4230,0.0105757434444,0.00858609417403,0.00858609417403,0.978385037518,0.982534706673,0.982534706673,0.989074440985,0.991190422408,0.991190422408,0.00637428599899
4240,0.0105757434444,0.00858609417403,0.00858609417403,0.978385037518,0.982534706673,0.982534706673,0.989074440985,0.991190422408,0.991190422408,0.00638955099893
4250,0.0105757434444,0.00858609417403,0.00858609417403,0.978385037518,0.982534706673,0.982534706673,0.989074440985,0.991190422408,0.991190422408,0.00640492099896
4260,0.0105757434444,0.00858609417403,0.00858609417403,0.978385037518,0.982534706673,0.982534706673,0.989074440985,0.991190422408,0.991190422408,0.00641520299891
4270,0.0105757434444,0.00858609417403,0.00858609417403,0.978385037518,0.982534706673,0.982534706673,0.989074440985,0.991190422408,0.991190422408,0.00642889499889
4280,0.0105757434444,0.00858609417403,0.00858609417403,0.978385037518,0.982534706673,0.982534706673,0.989074440985,0.991190422408,0.991190422408,0.00643883499882
4290,0.0105757434444,0.00858609417403,0.00858609417403,0.978385037518,0.982534706673,0.982534706673,0.989074440985,0.991190422408,0.991190422408,0.00645313099889
4300,0.0105757434444,0.00858609417403,0.00858609417403,0.978385037518,0.982534706673,0.982534706673,0.989074440985,0.991190422408,0.991190422408,0.00646735799896
4310,0.0105757434444,0.00858609417403,0.00858609417403,0.978385037518,0.982534706673,0.982534706673,0.989074440985,0.991190422408,0.991190422408,0.00648299299897
4320,0.0105757434444,0.00858609417403,0.00858609417403,0.978385037518,0.982534706673,0.982534706673,0.989074440985,0.991190422408,0.991190422408,0.00649981299884
4330,0.0105757434444,0.00858609417403,0.00858609417403,0.978385037518,0.982534706673,0.982534706673,0.989074440985,0.991190422408,0.991190422408,0.0065097389988
4340,0.0105757434444,0.00858609417403,0.00858609417403,0.978385037518,0.982534706673,0.982534706673,0.989074440985,0.991190422408,0.991190422408,0.00652102799867
4350,0.0105757434444,0.00858609417403,0.00858609417403,0.978385037518,0.982534706673,0.982534706673,0.989074440985,0.991190422408,0.991190422408,0.00653681099865
4360,0.0105757434444,0.00858609417403,0.00858609417403,0.978385037518,0.982534706673,0.982534706673,0.989074440985,0.991190422408,0.991190422408,0.00655230399875
4370,0.0105757434444,0.00858609417403,0.00858609417403,0.978385037518,0.982534706673,0.982534706673,0.989074440985,0.991190422408,0.991190422408,0.00657461199867
4380,0.0105757434444,0.00858609417403,0.00858609417403,0.978385037518,0.982534706673,0.982534706673,0.989074440985,0.991190422408,0.991190422408,0.00658470099862
4390,0.0105757434444,0.00858609417403,0.00858609417403,0.978385037518,0.982534706673,0.982534706673,0.989074440985,0.991190422408,0.991190422408,0.00660031599861
4400,0.0105757434444,0.00858609417403,0.00858609417403,0.978385037518,0.982534706673,0.982534706673,0.989074440985,0.991190422408,0.991190422408,0.00661498999855
4410,0.0105757434444,0.00858609417403,0.00858609417403,0.978385037518,0.982534706673,0.982534706673,0.989074440985,0.991190422408,0.991190422408,0.00662975299846
4420,0.0105757434444,0.00858609417403,0.00858609417403,0.978385037518,0.982534706673,0.982534706673,0.989074440985,0.991190422408,0.991190422408,0.00663946699845
4430,0.0105757434444,0.00858609417403,0.00858609417403,0.978385037518,0.982534706673,0.982534706673,0.989074440985,0.991190422408,0.991190422408,0.00665016199841
4440,0.0105757434444,0.00858609417403,0.00858609417403,0.978385037518,0.982534706673,0.982534706673,0.989074440985,0.991190422408,0.991190422408,0.0066628679983
4450,0.0105757434444,0.00858609417403,0.00858609417403,0.978385037518,0.982534706673,0.982534706673,0.989074440985,0.991190422408,0.991190422408,0.0066731089984
4460,0.0105757434444,0.00858609417403,0.00858609417403,0.978385037518,0.982534706673,0.982534706673,0.989074440985,0.991190422408,0.991190422408,0.00668376499848
4470,0.0105757434444,0.00858609417403,0.00858609417403,0.978385037518,0.982534706673,0.982534706673,0.989074440985,0.991190422408,0.991190422408,0.00669425099838
4480,0.0105757434444,0.00858609417403,0.00858609417403,0.978385037518,0.982534706673,0.982534706673,0.989074440985,0.991190422408,0.991190422408,0.00670961799838
4490,0.0105757434444,0.00858609417403,0.00858609417403,0.978385037518,0.982534706673,0.982534706673,0.989074440985,0.991190422408,0.991190422408,0.00672643199843
4500,0.0105757434444,0.00858609417403,0.00858609417403,0.978385037518,0.982534706673,0.982534706673,0.989074440985,0.991190422408,0.991190422408,0.00674325699842
4510,0.0105757434444,0.00858609417403,0.00858609417403,0.978385037518,0.982534706673,0.982534706673,0.989074440985,0.991190422408,0.991190422408,0.00675325099857
4520,0.0105757434444,0.00858609417403,0.00858609417403,0.978385037518,0.982534706673,0.982534706673,0.989074440985,0.991190422408,0.991190422408,0.00676809699857
4530,0.0105757434444,0.00858609417403,0.00858609417403,0.978385037518,0.982534706673,0.982534706673,0.989074440985,0.991190422408,0.991190422408,0.00678407099858
4540,0.0105757434444,0.00858609417403,0.00858609417403,0.978385037518,0.982534706673,0.982534706673,0.989074440985,0.991190422408,0.991190422408,0.00680091799862
4550,0.0105757434444,0.00858609417403,0.00858609417403,0.978385037518,0.982534706673,0.982534706673,0.989074440985,0.991190422408,0.991190422408,0.00681592799864
4560,0.0105757434444,0.00858609417403,0.00858609417403,0.978385037518,0.982534706673,0.982534706673,0.989074440985,0.991190422408,0.991190422408,0.0068335479987
4570,0.0105757434444,0.00858609417403,0.00858609417403,0.978385037518,0.982534706673,0.982534706673,0.989074440985,0.991190422408,0.991190422408,0.00684747799878
4580,0.0105757434444,0.00858609417403,0.00858609417403,0.978385037518,0.982534706673,0.982534706673,0.989074440985,0.991190422408,0.991190422408,0.00686182599875
4590,0.0105757434444,0.00858609417403,0.00858609417403,0.978385037518,0.982534706673,0.982534706673,0.989074440985,0.991190422408,0.991190422408,0.00687151899874
4600,0.0105757434444,0.00858609417403,0.00858609417403,0.978385037518,0.982534706673,0.982534706673,0.989074440985,0.991190422408,0.991190422408,0.00688825499881
4610,0.0105757434444,0.00858609417403,0.00858609417403,0.978385037518,0.982534706673,0.982534706673,0.989074440985,0.991190422408,0.991190422408,0.00690511999878
4620,0.0105757434444,0.00858609417403,0.00858609417403,0.978385037518,0.982534706673,0.982534706673,0.989074440985,0.991190422408,0.991190422408,0.00692005999863
4630,0.0105757434444,0.00858609417403,0.00858609417403,0.978385037518,0.982534706673,0.982534706673,0.989074440985,0.991190422408,0.991190422408,0.00693556099864
4640,0.0105757434444,0.00858609417403,0.00858609417403,0.978385037518,0.982534706673,0.982534706673,0.989074440985,0.991190422408,0.991190422408,0.00695003199868
4650,0.0105757434444,0.00858609417403,0.00858609417403,0.978385037518,0.982534706673,0.982534706673,0.989074440985,0.991190422408,0.991190422408,0.00696498699872
4660,0.0105757434444,0.00858609417403,0.00858609417403,0.978385037518,0.982534706673,0.982534706673,0.989074440985,0.991190422408,0.991190422408,0.00697592699871
4670,0.0105757434444,0.00858609417403,0.00858609417403,0.978385037518,0.982534706673,0.982534706673,0.989074440985,0.991190422408,0.991190422408,0.00699031299862
4680,0.0105757434444,0.00858609417403,0.00858609417403,0.978385037518,0.982534706673,0.982534706673,0.989074440985,0.991190422408,0.991190422408,0.00700214899857
4690,0.0105757434444,0.00858609417403,0.00858609417403,0.978385037518,0.982534706673,0.982534706673,0.989074440985,0.991190422408,0.991190422408,0.00701303599854
4700,0.0105757434444,0.00858609417403,0.00858609417403,0.978385037518,0.982534706673,0.982534706673,0.989074440985,0.991190422408,0.991190422408,0.00702798999853
4710,0.0105757434444,0.00858609417403,0.00858609417403,0.978385037518,0.982534706673,0.982534706673,0.989074440985,0.991190422408,0.991190422408,0.00704321999856
4720,0.0105757434444,0.00858609417403,0.00858609417403,0.978385037518,0.982534706673,0.982534706673,0.989074440985,0.991190422408,0.991190422408,0.00705785699861
4730,0.0105757434444,0.00858609417403,0.00858609417403,0.978385037518,0.982534706673,0.982534706673,0.989074440985,0.991190422408,0.991190422408,0.00706906899867
4740,0.0105757434444,0.00858609417403,0.00858609417403,0.978385037518,0.982534706673,0.982534706673,0.989074440985,0.991190422408,0.991190422408,0.00707996199864
4750,0.0105757434444,0.00858609417403,0.00858609417403,0.978385037518,0.982534706673,0.982534706673,0.989074440985,0.991190422408,0.991190422408,0.00709519199862
4760,0.0105757434444,0.00858609417403,0.00858609417403,0.978385037518,0.982534706673,0.982534706673,0.989074440985,0.991190422408,0.991190422408,0.00710929199855
4770,0.0105757434444,0.00858609417403,0.00858609417403,0.978385037518,0.982534706673,0.982534706673,0.989074440985,0.991190422408,0.991190422408,0.00712644299861
4780,0.0105757434444,0.00858609417403,0.00858609417403,0.978385037518,0.982534706673,0.982534706673,0.989074440985,0.991190422408,0.991190422408,0.00713698199868
4790,0.0105757434444,0.00858609417403,0.00858609417403,0.978385037518,0.982534706673,0.982534706673,0.989074440985,0.991190422408,0.991190422408,0.00719690799863
4800,0.0105757434444,0.00858609417403,0.00858609417403,0.978385037518,0.982534706673,0.982534706673,0.989074440985,0.991190422408,0.991190422408,0.00721186699869
4810,0.0105757434444,0.00858609417403,0.00858609417403,0.978385037518,0.982534706673,0.982534706673,0.989074440985,0.991190422408,0.991190422408,0.00722646399853
4820,0.0105757434444,0.00858609417403,0.00858609417403,0.978385037518,0.982534706673,0.982534706673,0.989074440985,0.991190422408,0.991190422408,0.00724260799839
4830,0.0105757434444,0.00858609417403,0.00858609417403,0.978385037518,0.982534706673,0.982534706673,0.989074440985,0.991190422408,0.991190422408,0.00725713699845
4840,0.0105757434444,0.00858609417403,0.00858609417403,0.978385037518,0.982534706673,0.982534706673,0.989074440985,0.991190422408,0.991190422408,0.00726797099841
4850,0.0105757434444,0.00858609417403,0.00858609417403,0.978385037518,0.982534706673,0.982534706673,0.989074440985,0.991190422408,0.991190422408,0.00728293799838
4860,0.0105757434444,0.00858609417403,0.00858609417403,0.978385037518,0.982534706673,0.982534706673,0.989074440985,0.991190422408,0.991190422408,0.00729749999832
4870,0.0105757434444,0.00858609417403,0.00858609417403,0.978385037518,0.982534706673,0.982534706673,0.989074440985,0.991190422408,0.991190422408,0.00730886499835
4880,0.0105757434444,0.00858609417403,0.00858609417403,0.978385037518,0.982534706673,0.982534706673,0.989074440985,0.991190422408,0.991190422408,0.00731931699826
4890,0.0105757434444,0.00858609417403,0.00858609417403,0.978385037518,0.982534706673,0.982534706673,0.989074440985,0.991190422408,0.991190422408,0.00734389599822
4900,0.0105757434444,0.00858609417403,0.00858609417403,0.978385037518,0.982534706673,0.982534706673,0.989074440985,0.991190422408,0.991190422408,0.00735380099823
4910,0.0105757434444,0.00858609417403,0.00858609417403,0.978385037518,0.982534706673,0.982534706673,0.989074440985,0.991190422408,0.991190422408,0.00736364299817
4920,0.0105757434444,0.00858609417403,0.00858609417403,0.978385037518,0.982534706673,0.982534706673,0.989074440985,0.991190422408,0.991190422408,0.00737838999814
4930,0.0105757434444,0.00858609417403,0.00858609417403,0.978385037518,0.982534706673,0.982534706673,0.989074440985,0.991190422408,0.991190422408,0.00738842199812
4940,0.0105757434444,0.00858609417403,0.00858609417403,0.978385037518,0.982534706673,0.982534706673,0.989074440985,0.991190422408,0.991190422408,0.007405078998
4950,0.0105757434444,0.00858609417403,0.00858609417403,0.978385037518,0.982534706673,0.982534706673,0.989074440985,0.991190422408,0.991190422408,0.007421655998
4960,0.0105757434444,0.00858609417403,0.00858609417403,0.978385037518,0.982534706673,0.982534706673,0.989074440985,0.991190422408,0.991190422408,0.0074316339981
4970,0.0105757434444,0.00858609417403,0.00858609417403,0.978385037518,0.982534706673,0.982534706673,0.989074440985,0.991190422408,0.991190422408,0.00744712999816
4980,0.0105757434444,0.00858609417403,0.00858609417403,0.978385037518,0.982534706673,0.982534706673,0.989074440985,0.991190422408,0.991190422408,0.00745727399803
4990,0.0105757434444,0.00858609417403,0.00858609417403,0.978385037518,0.982534706673,0.982534706673,0.989074440985,0.991190422408,0.991190422408,0.00746762099809
5000,0.0105757434444,0.00858609417403,0.00858609417403,0.978385037518,0.982534706673,0.982534706673,0.989074440985,0.991190422408,0.991190422408,0.00748292699816
